Año,Mes,Población total,Población de 15 años y más,Población económicamente activa (PEA),PEA Ocupada,PEA Desocupada,Población no económicamente activa (PNEA),PNEA Disponible,PNEA No disponible,3. Población ocupada por,3.1 Posición en la ocupación,Trabajadores subordinados y remunerados,Empleadores,Trabajadores por cuenta propia,Trabajadores no remunerados,No especificado,3.2 Sector de actividad económica,Primario,"Agricultura, ganadería, silvicultura, caza y pesca",Secundario ,"Industria extractiva, de la electricidad y manufacturera",Construcción,Terciario,Comercio,"Restaurantes y servicios de alojamiento, transportes, comunicaciones, correo y almacenamiento","Servicios profesionales, financieros y corporativos","Servicios sociales, gobierno y organismos internacionales",Servicios diversos,No especificado,3.3 Nivel de ingresos,Hasta un salario mínimo,Más de 1 hasta 2 salarios mínimos,Más de 2 hasta 3 salarios mínimos,Más de 3 hasta 5 salarios mínimos,Más de 5 salarios mínimos,No recibe ingresos,No especificado,3.6 Ámbito y tamaño de la unidad económica,Ámbito agropecuario,Ámbito no agropecuario,Micronegocios,Pequeños establecimientos,Medianos establecimientos,Grandes establecimientos,Gobierno y otros,No especificado,3.7 Distribución por tipo de unidad económica,Empresas y negocios,Instituciones,Sector de los hogares,Situaciones de carácter especial y no especificadas,3.8 Condición de informalidad,Ocupación formal,Ocupación informal,Sector informal,Fuera de sector informal,Tasa de desocupación de la población económicamente activa,COVID.19
2005,Ene,106636791,72721263,42836764,41143856,1692908,29884499,4259052,25625447,41143856,41143856,26530372,2027625,9594912,2990947,0,41143856,6294647,6294647,10413518,7321917,3091601,24088747,8050993,4565210,2228184,5209684,4034676,346944,41143856,6042705,10138484,7645742,7132132,4113729,3883275,2187789,41143856,6294647,34560699,16634132,6429457,4103117,3610698,3783295,288510,41143856,20972378,5462533,14325144,383801,41143856,16812313,24331543,11237793,13093750,,0
2005,Feb,106636382,72978361,42976836,41355190,1621646,30001525,4066985,25934540,41355190,41355190,26653343,1998350,9857280,2846217,0,41355190,6428276,6428276,10701106,7341856,3359250,23905665,8054733,4472601,2108644,5096201,4173486,320143,41355190,6068083,10033887,8102768,7221086,4013786,3614719,2300861,41355190,6428276,34424024,16921201,5855873,4013152,3778000,3855798,502890,41355190,20838765,5517809,14660917,337699,41355190,16749424,24605766,11609180,12996586,,0
2005,Mar,106637862,73078716,43198606,41631760,1566846,29880110,4007808,25872302,41631760,41631760,26690023,1804688,10087194,3049855,0,41631760,6086930,6086930,10920395,7584732,3335663,24326066,8158555,4345799,2145026,5451790,4224896,298369,41631760,6264403,9691136,7928762,7348548,4209063,4000275,2189573,41631760,6086930,35041213,17208724,6177857,4048933,3705770,3899929,503617,41631760,20497620,5778682,15057197,298261,41631760,16733864,24897896,11915677,12982219,,0
2005,Abr,106933592,72863898,42399530,40973459,1426071,30464368,4363313,26101055,40973459,40973459,26264075,2065098,9762342,2881944,0,40973459,5956578,5956578,10503272,7312330,3190942,24278838,8095623,4547323,2188166,5469103,3978623,234771,40973459,5973883,9350592,7894953,7417377,4356633,3658619,2321402,40973459,5956578,34524470,16791059,6424040,3917693,3644265,3747413,492411,40973459,20410203,5763049,14554036,246171,40973459,16733176,24240283,11656958,12583325,,0
2005,May,106932062,73128180,43188612,41761793,1426819,29939568,4399856,25539712,41761793,41761793,26917073,1912612,9910860,3021248,0,41761793,6420408,6420408,10654487,7360625,3293862,24417144,8282969,4571047,2262697,5163070,4137361,269754,41761793,6407787,9818517,7939913,7474289,4068266,3845147,2207874,41761793,6420408,34778366,17042879,5926002,4263672,3561989,3983824,563019,41761793,21019711,5535524,14922332,284226,41761793,16642758,25119035,11687354,13431681,,0
2005,Jun,106936262,73475351,43611423,42092805,1518618,29863928,4440362,25423566,42092805,42092805,26843756,1911376,10204844,3132829,0,42092805,6512693,6512693,10782180,7467571,3314609,24531933,8098246,4370005,2179969,5434210,4449503,265999,42092805,6322203,9288118,8111375,7733575,4398031,4122695,2116808,42092805,6512693,35048742,16888730,6425801,4034071,3643567,4056573,531370,42092805,20686758,5731300,15387851,286896,42092805,16862891,25229914,11790088,13439826,,0
2005,Jul,107239965,73396736,44065694,42336837,1728857,29331042,4084641,25246401,42336837,42336837,26810712,2009949,10185746,3330430,0,42336837,6567670,6567670,10685547,7439793,3245754,24666768,8264514,4643753,2295778,5394559,4068164,416852,42336837,6196005,9469818,8060646,7668188,4480752,4375550,2085878,42336837,6567670,35323881,17340942,6503669,4030876,3500817,3947577,445286,42336837,20968830,5590895,15349626,427486,42336837,16896744,25440093,11846546,13593547,,0
2005,Ago,107240153,73254365,43639188,42037595,1601593,29615177,4592463,25022714,42037595,42037595,26774213,2046901,9982755,3233726,0,42037595,6817331,6817331,10767259,7375576,3391683,24116643,8220129,4427806,2218590,5254918,3995200,336362,42037595,6055760,9470375,8132417,7574842,4371842,4313431,2118928,42037595,6817331,34659769,17005729,6033932,4145703,3443414,4030991,560495,42037595,20854620,5629513,15210707,342755,42037595,16656884,25380711,11594966,13785745,,0
2005,Sep,107240412,73789522,43941163,42368761,1572402,29848359,4477798,25370561,42368761,42368761,27000589,1885462,10354691,3128019,0,42368761,6499732,6499732,10766763,7413126,3353637,24744765,8012367,4629056,2083067,5625847,4394428,357501,42368761,6388663,9084524,8313244,7749546,4422049,4251442,2159293,42368761,6499732,35360761,16987548,6448904,4173395,3648800,4102114,508268,42368761,20499683,5945019,15558964,365095,42368761,17026618,25342143,11905227,13436916,,0
2005,Oct,107548714,73841761,44198554,42701993,1496561,29643207,4428968,25214239,42701993,42701993,27501486,2052359,10132598,3015550,0,42701993,5958700,5958700,10909425,7480424,3429001,25554937,8420519,4816013,2353726,5736217,4228462,278931,42701993,5942039,9341755,8474739,8245080,4603346,3862630,2232404,42701993,5958700,36207152,17777774,6408091,4237700,3653868,4129719,536141,42701993,20932837,5989080,15501603,278473,42701993,17250061,25451932,12255144,13196788,,0
2005,Nov,107548500,73741779,43880478,42590473,1290005,29861301,4553511,25307790,42590473,42590473,27627863,1960677,9991766,3010167,0,42590473,6888900,6888900,10840608,7443068,3397540,24560267,8046453,4648879,2130575,5472694,4261666,300698,42590473,6053052,9709368,8203593,7884777,4568926,4032710,2138047,42590473,6888900,35253018,17009221,6325261,4104223,3627144,4187169,448555,42590473,21130179,5831416,15316107,312771,42590473,16916692,25673781,11809317,13864464,,0
2005,Dic,107550564,74217978,44216618,42991813,1224805,30001360,4445214,25556146,42991813,42991813,27687758,2036748,10205259,3062048,0,42991813,6487901,6487901,10703888,7280790,3423098,25412350,8595867,4583414,2291586,5513444,4428039,387674,42991813,5807461,8966289,8743992,8368635,4742519,3940891,2422026,42991813,6487901,36009738,17318932,6567501,4317083,3609181,4197041,494174,42991813,21067162,5895154,15635831,393666,42991813,17237155,25754658,12248052,13506606,,0
2006,Ene,107863930,73926906,43975610,42446196,1529414,29951296,4413291,25538005,42446196,42446196,27380219,2136198,9960765,2969014,0,42446196,6136001,6136001,10832367,7429067,3403300,25088477,8242695,4553172,2276506,5738563,4277541,389351,42446196,5863665,8843601,9311559,7631842,4745946,3758956,2290627,42446196,6136001,35801125,17278616,6486414,4213364,3625353,4197378,509070,42446196,21073041,6042034,14938379,392742,42446196,17361005,25085191,11765475,13319716,,0
2006,Feb,107861723,74031410,44171432,42517111,1654321,29859978,4630549,25229429,42517111,42517111,27981347,2096506,9853969,2585289,0,42517111,6276810,6276810,11022785,7492119,3530666,24857682,8244568,4613782,2231639,5554333,4213360,359834,42517111,5933022,9566166,9495483,7213746,4674385,3345855,2288454,42517111,6276810,35617923,17304336,6167775,4337967,3635938,4171907,622378,42517111,21538344,6026160,14592439,360168,42517111,17521666,24995445,11598407,13397038,,0
2006,Mar,107862942,74311362,44417839,42946800,1471039,29893523,4812613,25080910,42946800,42946800,28001897,1966097,10095631,2883175,0,42946800,6059321,6059321,11035591,7457500,3578091,25516418,8448483,4631396,2413203,5562954,4460382,335470,42946800,5977092,9235514,9690184,7385823,4792605,3554441,2311141,42946800,6059321,36257575,17736430,6364011,4362452,3662838,4131844,629904,42946800,21637638,5862547,15082325,364290,42946800,17629499,25317301,12031817,13285484,,0
2006,Abr,108180199,74244124,44518373,43096003,1422370,29725751,4731278,24994473,43096003,43096003,28224037,2118874,9832285,2920807,0,43096003,5969993,5969993,11037969,7598110,3439859,25740045,8521445,4913793,2279597,5680416,4344794,347996,43096003,5768040,9186848,9497236,7832846,4890414,3548656,2371963,43096003,5969993,36616766,17694111,6377969,4542998,3731034,4270654,509244,43096003,21856641,6024961,14855179,359222,43096003,17701560,25394443,11833303,13561140,,0
2006,May,108179558,74405480,44537290,43272760,1264530,29868190,4715417,25152773,43272760,43272760,28339553,2088255,9968613,2876339,0,43272760,6523508,6523508,11368359,7684882,3683477,25084216,8236471,4866196,2304053,5369517,4307979,296677,43272760,5954449,9548051,9637432,7358113,4812603,3615923,2346189,43272760,6523508,36241597,17455073,6658313,4157878,3827497,4142836,507655,43272760,22379399,5785494,14806502,301365,43272760,17488136,25784624,11570431,14214193,,0
2006,Jun,108179963,74497247,44404817,42957738,1447079,30092430,4473593,25618837,42957738,42957738,27711362,2172787,10175318,2898271,0,42957738,6521668,6521668,10817843,7286664,3531179,25315322,8239698,4540727,2415336,5641411,4478150,302905,42957738,5791193,8811956,9487007,7739937,5001226,3854984,2271435,42957738,6521668,35885703,17190522,6444228,4311548,3776679,4162726,550367,42957738,21281482,5950469,15419468,306319,42957738,17298310,25659428,11803903,13855525,,0
2006,Jul,108510387,74801680,45681803,43851142,1830661,29119877,4882050,24237827,43851142,43851142,28294618,2231060,10173628,3151836,0,43851142,6254893,6254893,11355687,7890336,3465351,25905614,8681533,5016729,2344865,5548437,4314050,334948,43851142,5652528,8929276,9778545,7724346,5364215,4018146,2384086,43851142,6254893,37048999,18146632,6476985,4474539,3707945,4242898,547250,43851142,22352060,5889743,15270770,338569,43851142,18179003,25672139,11806979,13865160,,0
2006,Ago,108510339,75010966,45160633,43411986,1748647,29850333,5098543,24751790,43411986,43411986,28280662,2134330,9884752,3112242,0,43411986,6692626,6692626,11337444,7834377,3503067,25026500,8258987,4690172,2422648,5339737,4314956,355416,43411986,5485232,9124844,9617855,7513992,5060947,4122997,2486119,43411986,6692626,36103798,17220436,6666970,4222590,3875129,4118673,615562,43411986,22421715,5754460,14872004,363807,43411986,18159355,25252631,11268409,13984222,,0
2006,Sep,108510520,74795943,44932703,43137284,1795419,29863240,5017195,24846045,43137284,43137284,27652273,2186575,10367094,2931342,0,43137284,6067869,6067869,11235976,7633752,3602224,25516709,8475661,4599399,2409215,5674646,4357788,316730,43137284,5834530,8291481,9616135,7749045,5207614,3889906,2548573,43137284,6067869,36416109,17952760,6328672,4227688,3755971,4151018,653306,43137284,21481039,5993409,15335712,327124,43137284,17885403,25251881,11931361,13320520,,0
2006,Oct,108848284,75012297,45688882,43944488,1744394,29323415,4898738,24424677,43944488,43944488,28383914,2205886,10229935,3124753,0,43944488,6122005,6122005,11551498,7994109,3557389,25977682,8688493,4775484,2352059,5717551,4444095,293303,43944488,5844541,8845387,9569956,7955949,5188948,3984075,2555632,43944488,6122005,37217048,18024532,6735319,4418087,3868051,4171059,605435,43944488,22086118,6133922,15418795,305653,43944488,18567047,25377441,12027259,13350182,,0
2006,Nov,108847374,75478543,45938314,44329143,1609171,29540229,4884438,24655791,44329143,44329143,28969033,2128897,10093537,3137676,0,44329143,6822054,6822054,11482006,7909389,3572617,25658063,8566963,4729645,2407975,5520497,4432983,367020,44329143,5900696,9421954,9587311,7739683,5098689,4034890,2545920,44329143,6822054,36887698,17574325,6642376,4312010,4063167,4295820,619391,44329143,22817563,5948936,15190026,372618,44329143,18416493,25912650,11627505,14285145,,0
2006,Dic,108850763,74941242,44625899,43145811,1480088,30315343,4905509,25409834,43145811,43145811,28324802,2146789,9894368,2779852,0,43145811,6249423,6249423,10839767,7303672,3536095,25745963,8627706,4744547,2342783,5560367,4470560,310658,43145811,5611870,8800583,9402213,7903277,5212821,3652119,2562928,43145811,6249423,36243180,17449532,6509021,4186087,3808281,4290259,653208,43145811,21788556,5918943,15126324,311988,43145811,17980455,25165356,11617086,13548270,,0
2007,Ene,109192767,75546801,45071701,43247762,1823939,30475100,4750042,25725058,43247762,43247762,28259582,2155906,9830182,3002092,0,43247762,6113340,6113340,11237490,7618050,3619440,25564258,8659940,4691213,2356721,5601671,4254713,332674,43247762,5509999,9256591,9426192,7761851,4897865,3856109,2539155,43247762,6113340,36458293,17491527,6536594,4572162,3697618,4160392,676129,43247762,22286929,5934978,14689569,336286,43247762,18384895,24862867,11397279,13465588,,0
2007,Feb,109190870,76077072,45359658,43521834,1837824,30717414,5529121,25188293,43521834,43521834,28669695,2207551,9802121,2842467,0,43521834,6266973,6266973,11519001,7729520,3789481,25396714,8386006,4814844,2324578,5500223,4371063,339146,43521834,5879231,9641043,9227815,7809875,4809859,3552262,2601749,43521834,6266973,36586907,17657611,6558861,4266148,3901681,4202606,667954,43521834,22303722,5898151,14976880,343081,43521834,18171090,25350744,11742838,13607906,,0
2007,Mar,109191195,75305418,45150745,43468085,1682660,30154673,5106741,25047932,43468085,43468085,28459306,2178400,10125473,2704906,0,43468085,5894504,5894504,11356928,7586370,3770558,25942779,8565553,4768256,2479451,5653750,4475769,273874,43468085,6129643,9099702,9341416,7781154,5106368,3501022,2508780,43468085,5894504,36864011,18193406,6378413,4153324,3879939,4258929,709570,43468085,21770638,6000100,15387804,309543,43468085,18223538,25244547,12097709,13146838,,0
2007,Abr,109542566,75773064,45155289,43568980,1586309,30617775,5227631,25390144,43568980,43568980,28588516,2335650,9832494,2812320,0,43568980,5894218,5894218,10993643,7465039,3528604,26383743,8880748,4958153,2399686,5728961,4416195,297376,43568980,5499203,9142191,9319337,8147865,5315153,3549474,2595757,43568980,5894218,37097870,17770502,6707717,4378251,3923655,4317745,576892,43568980,22254634,6087686,14923932,302728,43568980,18574837,24994143,11563967,13430176,,0
2007,May,109541845,76354668,45782183,44339652,1442531,30572485,4856092,25716393,44339652,44339652,29161657,2151395,10014985,3011615,0,44339652,6389297,6389297,11869607,7991820,3877787,25751288,8360240,4835521,2498198,5552256,4505073,329460,44339652,5415781,9482667,9732019,8175026,5061517,3831876,2640766,44339652,6389297,37268217,18100430,6509784,4399113,3949054,4309836,682138,44339652,22293175,6054658,15651121,340698,44339652,18336516,26003136,12099455,13903681,,0
2007,Jun,109542487,75400854,45258928,43773533,1485395,30141926,4769290,25372636,43773533,43773533,28168097,2209301,10491630,2904505,0,43773533,6145925,6145925,11144937,7471670,3673267,26165691,8650837,4785873,2591169,5613907,4523905,316980,43773533,5660940,8796971,9471988,8072322,5109698,3948938,2712676,43773533,6145925,36959104,18235029,6255711,4252969,3931324,4284071,668504,43773533,21483232,6043519,15922121,324661,43773533,17889799,25883734,12227115,13656619,,0
2007,Jul,109907022,76299609,46201750,44450672,1751078,30097859,4614235,25483624,44450672,44450672,28743920,2333769,10143886,3229097,0,44450672,6457236,6457236,11315259,7570869,3744390,26351128,8800996,4855750,2628607,5490737,4575038,327049,44450672,5554361,8904925,9384359,8515162,5167567,4241797,2682501,44450672,6457236,37268997,18185363,6534868,4345025,3836767,4366974,724439,44450672,22427655,5873872,15816023,333122,44450672,18640798,25809874,11898877,13910997,,0
2007,Ago,109906982,76755122,45698040,43947332,1750708,31057082,5214103,25842979,43947332,43947332,28647874,2276468,9979990,3043000,0,43947332,6512792,6512792,11409904,7553514,3856390,25712043,8355075,4659602,2486230,5690434,4520702,312593,43947332,5513044,9252115,9586947,8028170,5007705,4000898,2558453,43947332,6512792,36747001,17703829,6460934,4289916,3926940,4365382,687539,43947332,21828201,6106154,15682842,330135,43947332,18230995,25716337,11947130,13769207,,0
2007,Sep,109907071,76091192,45119495,43422237,1697258,30971697,4917295,26054402,43422237,43422237,28385187,2041160,10183440,2812450,0,43422237,5896413,5896413,11290649,7770260,3520389,25928174,8634152,4623288,2624108,5792838,4253788,307001,43422237,5432081,8682934,9444001,8187330,5155354,3845434,2675103,43422237,5896413,36863570,17889839,6331278,4399650,3934767,4308036,662254,43422237,21691596,6179864,15241468,309309,43422237,18402095,25020142,11762813,13257329,,0
2007,Oct,110280164,76623603,46634947,44876285,1758662,29988656,5207228,24781428,44876285,44876285,29266212,2287066,10151981,3171026,0,44876285,6186418,6186418,11511169,7863548,3647621,26818221,8920819,5037123,2618129,5738553,4503597,360477,44876285,5970257,9239492,9321125,8206798,5077411,4038971,3022231,44876285,6186418,37877100,18686245,6622673,4313088,3770107,4484987,812767,44876285,22366014,6162015,15970711,377545,44876285,18358506,26517779,12407101,14110678,,0
2007,Nov,110282455,77141067,47049764,45471703,1578061,30091303,5266648,24824655,45471703,45471703,29921115,2281042,10066387,3203159,0,45471703,6896058,6896058,11448793,7699494,3749299,26795128,8840312,4862234,2627354,5862060,4603168,331724,45471703,5843535,9396514,9812055,8285239,4923784,4122560,3088016,45471703,6896058,37800433,18101661,6768640,4446167,4008296,4475669,775212,45471703,23160335,6163091,15806423,341854,45471703,18783768,26687935,12132165,14555770,,0
2007,Dic,110281479,76645824,46402688,44961357,1441331,30243136,4963495,25279641,44961357,44961357,29379962,2213640,10256377,3111378,0,44961357,6136947,6136947,11500267,7735675,3764592,26908596,8929852,4730339,2690676,5982806,4574923,415547,44961357,5568518,8841277,9306608,8669571,5410422,4111219,3053742,44961357,6136947,38040321,18441194,6779388,4229355,4066407,4523977,784089,44961357,21995475,6364611,16185049,416222,44961357,18800214,26161143,12511996,13649147,,0
2008,Ene,110658388,76983820,45934724,44043563,1891161,31049096,5181469,25867627,44043563,44043563,28745766,2252329,9969905,3075563,0,44043563,6297113,6297113,10945704,7349724,3595980,26416198,8800144,4878327,2613897,5589882,4533948,384548,44043563,5378087,8970576,10266292,7227844,5140793,3836269,3223702,44043563,6297113,36978814,17875872,6572870,4314307,3835294,4380471,767636,44043563,22358754,5974956,15327787,382066,44043563,18481352,25562211,11893333,13668878,,0
2008,Feb,110657197,77376462,46696681,44880837,1815844,30679781,5035227,25644554,44880837,44880837,29903917,2150976,9819124,3006820,0,44880837,6347702,6347702,11251153,7433955,3817198,26936330,8973510,4977528,2560170,5836803,4588319,345652,44880837,5638399,9491471,10559206,7484502,4923879,3748962,3034418,44880837,6347702,37784265,18165705,6744189,4400950,4012987,4460434,748870,44880837,22679394,6233796,15601046,366601,44880837,18518197,26362640,12310806,14051834,,0
2008,Mar,110658431,77477932,46412757,44735137,1677620,31065175,4887797,26177378,44735137,44735137,29435097,2202246,10235536,2862258,0,44735137,5708601,5708601,11539924,7729388,3810536,27107839,8905612,4847093,2784699,6004765,4565670,378773,44735137,5619116,9082348,10513434,7762811,5180229,3619930,2957269,44735137,5708601,38277239,18942412,6659723,4090669,4118473,4465962,749297,44735137,22063609,6373312,15919867,378349,44735137,18956129,25779008,12721880,13057128,,0
2008,Abr,111043426,76985115,46669817,45045915,1623902,30315298,4561470,25753828,45045915,45045915,29287894,2295357,10426207,3036457,0,45045915,6190268,6190268,11753427,7906423,3847004,26763096,8802495,5078188,2616918,5633049,4632446,339124,45045915,5620373,9005048,10443026,7998569,5317189,3772389,2889321,45045915,6190268,38159069,18698529,6775373,4389452,3885569,4410146,696578,45045915,22774727,5984622,15943191,343375,45045915,18455903,26590012,12555518,14034494,,0
2008,May,111039368,77823567,46623180,45086986,1536194,31200387,5119576,26080811,45086986,45086986,29933892,2198236,10064926,2889932,0,45086986,6395643,6395643,11260411,7549703,3710708,27127799,8750130,5140073,2743470,5832311,4661815,303133,45086986,5381821,9470419,10745199,7647222,5000719,3659426,3182180,45086986,6395643,37886472,18208407,6617581,4487210,4093420,4479854,804871,45086986,23028267,6227326,15514662,316731,45086986,18765970,26321016,12124867,14196149,,0
2008,Jun,111040460,77742193,46900068,45320495,1579573,30842125,4675658,26166467,45320495,45320495,29571564,2225240,10587301,2936390,0,45320495,6160882,6160882,11566676,7763498,3803178,27223960,8838041,4980799,2780797,6044094,4580229,368977,45320495,5553525,9496578,10322371,7712590,5190858,3829332,3215241,45320495,6160882,38251015,18875364,6647464,4198935,4014172,4515080,908598,45320495,22302833,6377900,16264864,374898,45320495,18614207,26706288,12758248,13948040,,0
2008,Jul,111433806,77406509,46804662,44870045,1934617,30601847,5200555,25401292,44870045,44870045,28931925,2340586,10365013,3232521,0,44870045,6473586,6473586,11432846,7559487,3873359,26633094,8882199,5066888,2724558,5471324,4488125,330519,44870045,5552005,8960230,10569996,7441897,5301512,4143825,2900580,44870045,6473586,37576026,18796721,6457852,4405182,3687943,4228328,820433,44870045,22796201,5819801,15915841,338202,44870045,18487302,26382743,12367751,14014992,,0
2008,Ago,111434199,78150655,46661956,44769015,1892941,31488699,5288019,26200680,44769015,44769015,29391384,2064355,10290632,3022644,0,44769015,6684563,6684563,10998175,7297153,3701022,26763909,8693392,5078946,2656746,5647345,4687480,322368,44769015,5113062,9220074,10428736,7611634,5037633,3999678,3358198,44769015,6684563,37246170,17985363,6559066,4326660,3970597,4404484,838282,44769015,22456476,6095270,15887691,329578,44769015,18466179,26302836,12064048,14238788,,0
2008,Sep,111432732,78469676,46855208,44914982,1940226,31614468,5085882,26528586,44914982,44914982,29564882,2144431,10385134,2820535,0,44914982,6064373,6064373,11190936,7511626,3679310,27316791,8900870,5005189,2852042,6102294,4456396,342882,44914982,5461740,8888648,10789467,7563205,5276668,3597702,3337552,44914982,6064373,37986200,18287044,6940928,4476347,3861568,4420313,864409,44914982,22729347,6445434,15402009,338192,44914982,19023763,25891219,12197251,13693968,,0
2008,Oct,111829009,77862361,46274208,44343747,1930461,31588153,4989119,26599034,44343747,44343747,29195161,1962220,10353364,2833002,0,44343747,6154878,6154878,11187495,7523195,3664300,26663607,8876112,4964195,2629466,5710997,4482837,337767,44343747,5428048,8639412,10622154,7668329,4960949,3725468,3299387,44343747,6154878,37238357,18396376,6765013,4301725,3586990,4188253,950512,44343747,22085206,6046762,15876554,335225,44343747,18323037,26020710,12480177,13540533,,0
2008,Nov,111827065,78685432,47027541,44994571,2032970,31657891,5749681,25908210,44994571,44994571,31067730,1750417,9261809,2914615,0,44994571,6559024,6559024,10959651,7373969,3585682,27126968,8593162,5171399,2515367,6079893,4767147,348928,44994571,5535934,9522378,10238571,7476754,4700971,3808795,3711168,44994571,6559024,37343437,17483821,7020296,4191841,3839524,4807955,1092110,44994571,22609687,6549944,15482595,352345,44994571,18353602,26640969,11733375,14907594,,0
2008,Dic,111829147,78874034,46498113,44626655,1871458,32375921,5519868,26856053,44626655,44626655,30619467,1673346,9214608,3119234,0,44626655,6584047,6584047,10818402,7145186,3673216,26868118,8646898,5056038,2678826,6085062,4401294,356088,44626655,5218227,8616083,10415188,7388690,4876362,4182088,3930017,44626655,6584047,37089060,17545080,6730878,4524282,3789969,4498851,953548,44626655,21989766,6469475,15820617,346797,44626655,18385544,26241111,12058525,14182586,,0
2009,Ene,112218803,78830557,46857470,44510360,2347110,31973087,5722760,26250327,44510360,44510360,29497727,1989256,10228487,2794890,0,44510360,6141876,6141876,11104396,7508109,3596287,26980714,8873232,5163190,2567363,5891080,4485849,283374,44510360,5792285,10338469,9084521,7827063,4546205,3605344,3316473,44510360,6141876,37551117,18634288,6677421,4306659,3639464,4293285,817367,44510360,22271784,6239208,15715375,283993,44510360,18173014,26337346,12460268,13877078,,0
2010,Feb,112215958,79391942,47037143,44573256,2463887,32354799,5916628,26438171,44573256,44573256,29845588,1875823,10181477,2670368,0,44573256,6053788,6053788,10749487,7181382,3568105,27435425,8756297,5244278,2681602,5985893,4767355,334556,44573256,5745709,10470225,9299208,7563857,4462697,3425493,3606067,44573256,6053788,37581401,18165288,6562921,4387369,3720271,4745552,938067,44573256,22069380,6343034,15825754,335088,44573256,18073460,26499796,12478486,14021310,,0
2011,Mar,112218276,79548265,46672768,44495540,2177228,32875497,5496429,27379068,44495540,44495540,29643107,2027119,10231598,2593716,0,44495540,5790309,5790309,10946344,7159338,3787006,27436435,8756117,5242937,2783983,6210620,4442778,322452,44495540,5658564,10361782,8993769,8025542,4711730,3276765,3467388,44495540,5790309,37790738,18400406,6592353,4460164,3775087,4562728,914493,44495540,21784831,6612724,15779441,318544,44495540,18398469,26097071,12731948,13365123,,0
2012,Abr,112600059,79488168,46762979,44398944,2364035,32725189,6169141,26556048,44398944,44398944,29180490,1974196,10414911,2829347,0,44398944,5985474,5985474,10857240,7262129,3595111,27223916,8923330,5064427,2658702,6053371,4524086,332314,44398944,5752405,10161658,8752361,7855697,4706606,3647020,3523197,44398944,5985474,37525765,18719561,6624523,4265273,3443905,4472503,887705,44398944,21733703,6410409,15909977,344855,44398944,17946331,26452613,12577385,13875228,,0
2013,May,112599853,79904158,47649414,45156533,2492881,32254744,5763508,26491236,45156533,45156533,29879060,2026949,10493857,2756667,0,45156533,6319732,6319732,10894461,7190257,3704204,27609280,8755644,5236043,2728544,6036225,4852824,333060,45156533,6280193,10219392,9023361,7734114,4573439,3656829,3669205,45156533,6319732,37780374,18376180,6747843,4246401,3678942,4731008,1056427,45156533,22120966,6473579,16235626,326362,45156533,18030626,27125907,12647585,14478322,,0
2014,Jun,112601361,79918223,47524392,45159751,2364641,32393831,5940121,26453710,45159751,45159751,29340204,2040292,10753340,3025915,0,45159751,6433850,6433850,10630596,6878441,3752155,27809467,8878639,5243541,2830848,6279950,4576489,285838,45159751,5892357,9822948,8785313,8047464,4729603,4024978,3857088,45159751,6433850,37699144,18384459,6719796,4322049,3718278,4554562,1026757,45159751,21712232,6707280,16458344,281895,45159751,17966647,27193104,12882916,14310188,,0
2015,Jul,112979163,79982963,48040501,45243805,2796696,31942462,5732888,26209574,45243805,45243805,29160282,2024862,10809687,3248974,0,45243805,6750356,6750356,10773229,7145109,3628120,27397613,8710771,5088625,2763843,5937175,4897199,322607,45243805,5950347,9918872,9175443,7737546,4330715,4241817,3889065,45243805,6750356,37512461,18752783,6738353,4119153,3327070,4575102,980988,45243805,22109724,6308012,16522554,303515,45243805,17787453,27456352,12697068,14759284,,0
2016,Ago,112982122,80562450,49079922,46063615,3016307,31482528,5678392,25804136,46063615,46063615,29856765,1994462,11206555,3005833,0,46063615,6569459,6569459,10872288,7346561,3525727,28327523,9180900,5285340,2898190,6030524,4932569,294345,46063615,6397214,10330805,9142392,8000397,4480913,3917012,3794882,46063615,6569459,38578010,18827008,6752561,4410145,3776625,4811671,916146,46063615,22457607,6375173,16923477,307358,46063615,18434633,27628982,12879349,14749633,,0
2017,Sep,112979370,80194512,48690043,45564234,3125809,31504469,5252734,26251735,45564234,45564234,29232084,1988770,11182084,3161296,0,45564234,6503449,6503449,10622242,7079584,3542658,28187603,9048274,5272944,2895071,6315073,4656241,250940,45564234,6415924,10416314,8835119,7853507,4416429,4045795,3581146,45564234,6503449,38104812,19119840,6781059,4100921,3550112,4552880,955973,45564234,21733935,6630753,16950626,248920,45564234,18245189,27319045,13161750,14157295,,0
2018,Oct,113343880,80445906,48975482,46198564,2776918,31470424,6073829,25396595,46198564,46198564,29769264,2096441,11058547,3274312,0,46198564,6847029,6847029,10858621,7292310,3566311,28157491,9281046,5369407,2674899,5847527,4984612,335423,46198564,6457833,10574590,9178414,7758074,4061161,4231229,3937263,46198564,6847029,38330826,19305664,6691540,4199594,3419809,4714219,1020709,46198564,22386725,6244242,17228940,338657,46198564,17964929,28233635,13165171,15068464,,0
2019,Nov,113344352,80764742,48955731,46454577,2501154,31809011,5894968,25914043,46454577,46454577,30301304,2114828,10931878,3106567,0,46454577,6882197,6882197,10940373,7536101,3404272,28285750,9204787,5447123,2826976,5966749,4840115,346257,46454577,6601964,10712586,9367796,7788580,4127085,3940866,3915700,46454577,6882197,38594770,18987085,6929365,4381637,3719236,4577447,977610,46454577,23161545,6341957,16606283,344792,46454577,18541789,27912788,12879770,15033018,,0
2020,Dic,113345273,80593354,48308904,46024280,2284624,32284450,6062342,26222108,46024280,46024280,29881273,2054056,10807969,3280982,0,46024280,6645484,6645484,10673504,7118188,3555316,28439458,9510566,5388230,2746840,6188425,4605397,265834,46024280,5983368,10296573,9244934,7730329,4454596,4216351,4098129,46024280,6645484,38269728,18812826,7021443,4362205,3530531,4542723,1109068,46024280,22135662,6480041,17138844,269733,46024280,18394658,27629622,13291224,14338398,,0
2010,Ene,113702765,80337714,47574206,44833436,2740770,32763508,5571118,27192390,44833436,44833436,29415928,2139311,10316372,2961825,0,44833436,6335890,6335890,10971327,7298459,3672868,27200896,8840432,5061580,2608689,5754714,4935481,325323,44833436,6138313,10906506,9382038,7582216,3711925,3777422,3335016,44833436,6335890,37600671,18611875,6657595,4255647,3494319,4581235,896875,44833436,21884711,6182325,16458200,308200,44833436,17739015,27094421,12760359,14334062,,0
2010,Feb,113701769,81162504,48015299,45479662,2535637,33147205,5975570,27171635,45479662,45479662,30190498,2096177,10553612,2639375,0,45479662,6302732,6302732,10999429,7543276,3456153,27875799,8927040,5330283,2722172,5935722,4960582,301702,45479662,6405431,10836450,9757145,7659553,3763642,3368058,3689383,45479662,6302732,38212881,18676164,6707666,4449514,3805971,4573566,964049,45479662,22686252,6228605,16266634,298171,45479662,18362361,27117301,12764113,14353188,,0
2010,Mar,113702248,80990709,48384357,46089007,2295350,32606352,5589523,27016829,46089007,46089007,30313383,2125380,10718055,2932189,0,46089007,6063103,6063103,11215139,7436308,3778831,28545982,9175176,5316233,2836315,6390839,4827419,264783,46089007,6103753,10980674,9727796,7621201,4283080,3602466,3770037,46089007,6063103,39112802,19356064,6953392,4400129,3721603,4681614,913102,46089007,22576375,6671285,16565764,275583,46089007,18591138,27497869,13278437,14219432,,0
2010,Abr,114050418,80731559,48443519,45853076,2590443,32288040,5886469,26401571,45853076,45853076,29921613,2211886,10727826,2991751,0,45853076,6294607,6294607,11152564,7349388,3803176,28065600,9116845,5369899,2750011,5856309,4972536,340305,45853076,6626597,10957287,9427952,7349723,3872956,3866266,3752295,45853076,6294607,38651599,19412579,6798274,4222661,3492247,4725838,906870,45853076,22212301,6211680,17100159,328936,45853076,17873964,27979112,13349602,14629510,,0
2010,May,114049817,81538479,49308336,46845152,2463184,32230143,5899155,26330988,46845152,46845152,30486992,2216745,11047981,3093434,0,46845152,6765788,6765788,11085739,7471542,3614197,28703401,9337448,5208662,3014997,6123271,5019023,290224,46845152,6523209,11105069,9833877,7823279,3964652,3884721,3710345,46845152,6765788,39113791,19360328,7138045,4369010,3636052,4610356,965573,46845152,22906191,6470749,17163452,304760,46845152,18659293,28185859,13411149,14774710,,0
2010,Jun,114051178,81494046,49127618,46709732,2417886,32366428,5398489,26967939,46709732,46709732,30391982,2174194,10940642,3202914,0,46709732,6781807,6781807,10845862,7219789,3626073,28829242,9278288,5302179,2888438,6530967,4829370,252821,46709732,6031443,10627571,9661357,8051398,4157335,4166410,4014218,46709732,6781807,38895708,19122760,7097267,4241877,3737925,4695879,1032217,46709732,22361110,6817684,17278057,252881,46709732,18865450,27844282,13294487,14549795,,0
2010,Jul,114403418,81017032,48782809,46058207,2724602,32234223,5361629,26872594,46058207,46058207,29805140,2231713,10630662,3390692,0,46058207,6913864,6913864,11099897,7355167,3744730,27732772,9075484,5140534,2905784,5839093,4771877,311674,46058207,6032987,10340717,9630182,7882512,3905430,4471584,3794795,46058207,6913864,38115404,18973532,6932837,4162633,3455857,4590545,1028939,46058207,22631927,6143584,16966180,316516,46058207,18248926,27809281,12827742,14981539,,0
2010,Ago,114404782,81952121,49444786,46766962,2677824,32507335,5634180,26873155,46766962,46766962,30442907,2312697,10829694,3181664,0,46766962,6857488,6857488,11458235,7825918,3632317,28140059,9240387,5069526,2872043,6065959,4892144,311180,46766962,6199188,10730278,10023321,7580659,4155159,4146198,3932159,46766962,6857488,38866481,19224975,6736965,4361629,3884017,4658895,1042993,46766962,23247882,6368254,16855638,295188,46766962,19114552,27652410,12828684,14823726,,0
2010,Sep,114404338,81769573,48744235,45986482,2757753,33025338,5823876,27201462,45986482,45986482,30183617,2095939,10693744,3013182,0,45986482,6220782,6220782,10733712,7308336,3425376,28754828,9202326,5355840,2928715,6510118,4757829,277160,45986482,6229509,10489102,9679350,7731700,4022033,3861596,3973192,45986482,6220782,38805921,19165375,7020737,4258588,3633879,4727342,959779,45986482,22448608,6656439,16608399,273036,45986482,18667647,27318835,12956824,14362011,,0
2010,Oct,114756610,81487806,48244414,45599990,2644424,33243392,6099439,27143953,45599990,45599990,31349189,1892703,9313845,3044253,0,45599990,6548064,6548064,10952272,7359557,3592715,27762059,8908555,5186239,2830333,6041606,4795326,337595,45599990,6019079,10400945,9738563,7830131,3829664,4029329,3752279,45599990,6548064,38036927,18436003,7044908,4311813,3585342,4658861,1014999,45599990,22447170,6442262,16392042,318516,45599990,18009179,27590811,12589795,15001016,,0
2010,Nov,114754929,82394215,48736519,46215691,2520828,33657696,6369993,27287703,46215691,46215691,32161214,1691316,9370955,2992206,0,46215691,7102196,7102196,11130798,7747180,3383618,27698143,8801465,5095340,2815184,6073781,4912373,284554,46215691,6014651,10993149,9790604,7845301,3694082,3943763,3934141,46215691,7102196,38014340,17786299,7047658,4483608,4023709,4673066,1099155,46215691,23441000,6499270,15991129,284292,46215691,18865067,27350624,11893643,15456981,,0
2010,Dic,114757751,82160724,47804777,45444670,2360107,34355947,6219746,28136201,45444670,45444670,31631305,1662938,9333364,2817063,0,45444670,6552829,6552829,10647210,7068346,3578864,27959725,8873094,5137395,2820844,6262656,4865736,284906,45444670,5435137,10138984,9753169,8032581,3970700,3841374,4272725,45444670,6552829,37682982,17710774,7207297,4313516,3629190,4822205,1208859,45444670,22216718,6467418,16488815,271719,45444670,18456335,26988335,12437571,14550764,,0
2011,Ene,115105871,82004952,47912420,45355329,2557091,34092532,6111904,27980628,45355329,45355329,30054277,2025908,10403749,2871395,0,45355329,6164843,6164843,10990192,7299967,3690225,27928263,9056739,5340451,2796156,5944944,4789973,272031,45355329,5628535,10470011,10003070,7589448,3772537,3735432,4156296,45355329,6164843,38227550,19006001,6945219,4224425,3611565,4440340,962936,45355329,22272715,6265174,16540801,276639,45355329,18071102,27284227,12966173,14318054,,0
2011,Feb,115108068,82686617,48610520,46015455,2595065,34076097,6034721,28041376,46015455,46015455,30848122,2111947,10452445,2602941,0,46015455,6290848,6290848,11332730,7660964,3671766,28106030,8962076,5131674,2955291,6115418,4941571,285847,46015455,5786072,11064786,10099374,7518337,3973098,3265208,4308580,46015455,6290848,38626501,18878237,6844882,4428005,3764277,4711100,1098106,46015455,22932790,6453906,16350293,278466,46015455,18614931,27400524,12954076,14446448,,0
2011,Mar,115104268,82607474,48619592,46362797,2256795,33987882,5746778,28241104,46362797,46362797,30694767,2134305,10772711,2761014,0,46362797,6182025,6182025,10788135,7156923,3631212,29100179,9267574,5497377,2970631,6310186,5054411,292458,46362797,5983380,10653974,10159159,8171890,3886382,3485739,4022273,46362797,6182025,39227835,19244646,7078372,4372651,3737240,4794926,952937,46362797,22941105,6467432,16675518,278742,46362797,18902380,27460417,13061367,14399050,,0
2011,Abr,115449753,82410616,48718460,46218893,2499567,33692156,6511366,27180790,46218893,46218893,30855294,2320391,10390602,2652606,0,46218893,6119141,6119141,11281253,7520136,3761117,28546910,9068843,5453449,3017323,6098132,4909163,271589,46218893,6048150,10286434,10248284,8065863,4053137,3433351,4083674,46218893,6119141,39142589,19424515,7220613,4294696,3656787,4545978,957163,46218893,22831933,6422231,16696331,268398,46218893,18813406,27405487,13312872,14092615,,0
2011,May,115448585,83143968,49640136,47068398,2571738,33503832,6159400,27344432,47068398,47068398,31105211,2263560,10719286,2980341,0,47068398,6626226,6626226,11620352,8010051,3610301,28546771,9100248,5372925,2935796,6196409,4941393,275049,47068398,6039025,11071147,10516524,7670156,3796858,3844141,4130547,47068398,6626226,39399144,19516915,6817659,4653943,3663346,4747281,1043028,47068398,23166331,6461454,17179895,260718,47068398,19016919,28051479,13461375,14590104,,0
2011,Jun,115447616,82886729,49595827,46917262,2678565,33290902,5833700,27457202,46917262,46917262,30697908,2297929,10913811,3007614,0,46917262,6571220,6571220,10973539,7199749,3773790,29058421,9241260,5551654,3013472,6310873,4941162,314082,46917262,5934423,10559089,9978044,7719260,3941992,3931850,4852604,46917262,6571220,39046551,19421085,6952367,4281448,3600666,4790985,1299491,46917262,22670510,6594206,17355108,297438,46917262,18805584,28111678,13458305,14653373,,0
2011,Jul,115796455,82703605,49945076,47209525,2735551,32758529,5806505,26952024,47209525,47209525,31094627,2591909,10430917,3092072,0,47209525,6891778,6891778,11271474,7476752,3794722,28717595,9289946,5329861,3020658,6069235,5007895,328678,47209525,5997258,10753212,10026536,7632886,4111891,4202259,4485483,47209525,6891778,39001998,18969992,7167187,4439145,3778524,4647150,1315749,47209525,22951430,6473495,17468368,316232,47209525,19071684,28137841,13505698,14632143,,0
2011,Ago,115795136,83559129,50092580,47234678,2857902,33466549,6170185,27296364,47234678,47234678,31155953,2186126,10826752,3065847,0,47234678,7118321,7118321,11366772,7805963,3560809,28390550,8977735,5297893,3126342,6071026,4917554,359035,47234678,6178735,10898722,9875661,7461539,3818807,4052722,4948492,47234678,7118321,38774480,19093050,6616580,4547092,3665852,4851906,1341877,47234678,23076510,6322306,17479437,356425,47234678,18670828,28563850,13441280,15122570,,0
2011,Sep,115795135,83360340,49962923,47248743,2714180,33397417,6293088,27104329,47248743,47248743,31119852,2295696,10892911,2940284,0,47248743,6616655,6616655,10963735,7315119,3648616,29346079,9280993,5631608,3109184,6227281,5097013,322274,47248743,6370839,10608379,10131888,7463604,4065807,3899455,4708771,47248743,6616655,39535994,19328658,7128612,4356675,3877858,4844191,1096094,47248743,22928313,6642361,17353615,324454,47248743,18921207,28327536,13438269,14889267,,0
2011,Oct,116139511,83126980,50525224,48002298,2522926,32601756,6012417,26589339,48002298,48002298,31652885,2455617,10793848,3099948,0,48002298,6583230,6583230,11502358,7857962,3644396,29544417,9325292,5576383,3181900,6167888,5292954,372293,48002298,6556093,10955978,9989438,7546456,3947837,4110819,4895677,48002298,6583230,40146951,19571543,7208505,4479802,3971075,4916026,1272117,48002298,23217520,6504540,17925557,354681,48002298,19336346,28665952,13888589,14777363,,0
2011,Nov,116137822,83878369,50795975,48275845,2520130,33082394,6537625,26544769,48275845,48275845,32113526,2161186,10995475,3005658,0,48275845,7108081,7108081,11432719,7816244,3616475,29350334,9324775,5437614,3145659,6393334,5048952,384711,48275845,6415169,11146514,10057256,7603189,3769858,4058130,5225729,48275845,7108081,39912051,19616127,7027022,4451082,3886033,4931787,1255713,48275845,23418667,6638488,17855293,363397,48275845,19187173,29088672,13801665,15287007,,0
2011,Dic,116140887,83717934,50553770,48275410,2278360,33164164,5956376,27207788,48275410,48275410,31590566,2329966,11086539,3268339,0,48275410,6816193,6816193,10957932,7326962,3630970,30228705,9828612,5569287,3220805,6393662,5216339,272580,48275410,6295325,10453120,9991027,7924942,4246060,4151126,5213810,48275410,6816193,40225736,19829009,7352465,4416630,3834675,4792957,1233481,48275410,23241311,6755100,18005791,273208,48275410,19212681,29062729,14129106,14933623,,0
2012,Ene,116483576,83694184,49787717,47358204,2429513,33906467,6168691,27737776,47358204,47358204,31272738,2392834,10742333,2950299,0,47358204,6567457,6567457,11252203,7580459,3671744,29235905,9291938,5689364,2968371,6091864,5194368,302639,47358204,6499637,11726180,10403148,6894428,3626513,3830877,4377421,47358204,6567457,39550881,19394849,7141288,4409966,3955790,4648988,1239866,47358204,23173611,6379972,17494805,309816,47358204,18811223,28546981,13720772,14826209,,0
2012,Feb,116480175,84242694,50028808,47387233,2641575,34213886,6132353,28081533,47387233,47387233,31648872,2112486,10972744,2653131,0,47387233,6479524,6479524,11425423,7804212,3621211,29102352,9343733,5431416,3061187,6180902,5085114,379934,47387233,6496188,11591203,10566671,7029763,3599134,3569568,4534706,47387233,6479524,39728677,19456583,6950196,4598078,3840338,4883482,1179032,47387233,23253449,6425686,17327179,380919,47387233,18866140,28521093,13677510,14843583,,0
2012,Mar,116482032,84100766,50425486,48147016,2278470,33675280,5899786,27775494,48147016,48147016,31632863,2333163,11313563,2867427,0,48147016,6441220,6441220,11289688,7749150,3540538,30075698,9309766,5675560,3293587,6612431,5184354,340410,48147016,6498674,11164643,10412228,7489588,4286911,3678826,4616146,48147016,6441220,40508032,19777296,7333051,4685158,3816770,4895757,1197764,48147016,23554746,6885722,17365215,341333,48147016,19614623,28532393,13836875,14695518,,0
2012,Abr,116820451,84079292,50510159,48056383,2453776,33569133,5889866,27679267,48056383,48056383,31834894,2373260,10914819,2933410,0,48056383,6704894,6704894,11287671,7577524,3710147,29713947,9334907,5552209,3143331,6314885,5368615,349871,48056383,6581270,11162911,10678449,7402886,3818913,3840824,4571130,48056383,6704894,40241141,19588742,7004611,4634968,4157482,4855338,1110348,48056383,23595750,6571563,17536909,352161,48056383,19378195,28678188,13713876,14964312,,0
2012,May,116822034,84626112,51520125,49112230,2407895,33105987,6374313,26731674,49112230,49112230,32709061,2289286,11145364,2968519,0,49112230,6920825,6920825,11562294,7894321,3667973,30270523,9673348,5611942,3219144,6391418,5374671,358588,49112230,7137977,11792528,10930335,7243864,3564337,3911912,4531277,49112230,6920825,40974915,20115236,7242647,4449453,4115976,5051603,1216490,49112230,23535408,6713994,18500953,361875,49112230,19461997,29650233,14437526,15212707,,0
2012,Jun,116822437,84425030,51896944,49431151,2465793,32528086,5828637,26699449,49431151,49431151,32251130,2273979,11595520,3310522,0,49431151,6718108,6718108,11310305,7690487,3619818,31054785,9961300,5896785,3258281,6712460,5225959,347953,49431151,6817272,11528121,10397275,7374551,4059131,4279003,4975798,49431151,6718108,41309741,20285026,7393213,4726453,3999404,4905645,1403302,49431151,23443266,7191782,18460672,335431,49431151,19644875,29786276,14518723,15267553,,0
2012,Jul,117165321,84544926,51782815,49197802,2585013,32762111,5697272,27064839,49197802,49197802,31811584,2602795,11510204,3273219,0,49197802,7330091,7330091,11444061,7639307,3804754,30069874,9762449,5639066,3269323,6081856,5317180,353776,49197802,6780665,11452720,10623839,7207010,3961534,4431814,4740220,49197802,7330091,40610545,20297770,6896294,4580035,4076806,4759640,1257166,49197802,23621415,6375323,18855056,346008,49197802,19222461,29975341,14298511,15676830,,0
2012,Ago,117165003,85222143,52115532,49338932,2776600,33106611,6137399,26969212,49338932,49338932,32603721,2252496,11416112,3066603,0,49338932,6961463,6961463,11782556,8085241,3697315,30272086,9756092,5598398,3489440,6185023,5243133,322827,49338932,6958573,11739931,10569253,7422616,3676368,3935544,5036647,49338932,6961463,40999482,20127911,7289146,4669851,4009846,4902728,1377987,49338932,24130421,6413178,18480987,314346,49338932,19842964,29495968,14284853,15211115,,0
2012,Sep,117164336,84705405,51351559,48832660,2518899,33353846,6007950,27345896,48832660,48832660,32192134,2221443,11285366,3133717,0,48832660,6499382,6499382,11537776,7980923,3556853,30502730,9625885,5637411,3413977,6684705,5140752,292772,48832660,6842730,11132886,10373955,7412170,3933435,4052625,5084859,48832660,6499382,40920012,19861443,7485360,4734278,3905965,4932966,1413266,48832660,23115232,6937674,18472569,307185,48832660,19624524,29208136,14366024,14842112,,0
2012,Oct,117502971,85085342,51280873,48701201,2579672,33804469,6212999,27591470,48701201,48701201,33250042,1983522,10322081,3145556,0,48701201,7202565,7202565,11297595,7619763,3677832,29847776,9496281,5848379,3072049,6228305,5202762,353265,48701201,6555795,11277028,10598468,7175134,3911540,4261135,4922101,48701201,7202565,40134743,19382046,7148751,4664910,4015432,4923604,1363893,48701201,23452056,6587260,18316943,344942,48701201,19054166,29647035,13790828,15856207,,0
2012,Nov,117501345,85449181,51491239,48892142,2599097,33957942,5892397,28065545,48892142,48892142,34176414,1904555,9917131,2894042,0,48892142,7257295,7257295,11453052,7944870,3508182,29866743,9562178,5457649,3210570,6345511,5290835,315052,48892142,6758426,11537493,10584045,7431439,3609245,3873271,5098223,48892142,7257295,40290837,18923255,7477895,4890467,4019108,4980112,1344010,48892142,24080692,6610874,17897855,302721,48892142,19495560,29396582,13544508,15852074,,0
2012,Dic,117504207,84984091,50686235,48458349,2227886,34297856,6376830,27921026,48458349,48458349,33808472,1762900,9873444,3013533,0,48458349,6822157,6822157,11748116,8177794,3570322,29592617,9071065,5642437,3192284,6621015,5065816,295459,48458349,6042849,11033867,10719040,7403053,4028029,3962959,5268552,48458349,6822157,40198582,18669797,7542119,4836191,4219051,4931424,1437610,48458349,23606404,6936506,17629567,285872,48458349,19725947,28732402,13409003,15323399,,0
2013,Ene,117836484,85341021,50239756,47522851,2716905,35101265,6301859,28799406,47522851,47522851,31635913,2112801,10935904,2838233,0,47522851,6917976,6917976,11051257,7431067,3620190,29261326,9495445,5697030,2877757,6037295,5153799,292292,47522851,6455435,11624591,9998373,7535810,3446244,3797949,4664449,47522851,6917976,39472491,19296820,7031302,4391003,4124075,4629291,1132384,47522851,22851075,6424868,17966378,280530,47522851,18874910,28647941,13915668,14732273,,0
2013,Feb,117837030,85812713,51308729,48871296,2437433,34503984,6426628,28077356,48871296,48871296,32570591,2255431,11320311,2724963,0,48871296,6751085,6751085,11580211,7979910,3600301,30248687,9692208,5669875,3388580,6156802,5341222,291313,48871296,6443923,12461346,9806265,8020271,3592588,3550925,4995978,48871296,6751085,40961869,19877835,7376780,4641668,4211386,4854200,1158342,48871296,24311188,6424315,17845098,290695,48871296,19790237,29081059,13912858,15168201,,0
2013,Mar,117835161,85434634,50723534,48453322,2270212,34711100,5796708,28914392,48453322,48453322,32885563,2138456,10867820,2561483,0,48453322,6163696,6163696,11773965,8264263,3509702,30211074,9135375,5866863,3427810,6651315,5129711,304587,48453322,6133742,11724483,10269510,7830520,3689411,3338620,5467036,48453322,6163696,40877721,19119545,7691558,4916313,4376596,4773709,1411905,48453322,23907950,6932916,17327014,285442,48453322,20523762,27929560,13701630,14227930,,0
2013,Abr,118168198,85418879,51063937,48530145,2533792,34354942,6237144,28117798,48530145,48530145,32559040,2130865,11162674,2677566,0,48530145,6612767,6612767,11378951,7687783,3691168,30271092,9706176,5805395,3125496,6465122,5168903,267335,48530145,6778092,12164326,9766230,7516535,3594086,3590969,5119907,48530145,6612767,40640318,20216226,7027170,4556441,4166606,4673875,1277060,48530145,23451158,6720081,18089864,269042,48530145,19310195,29219950,14429959,14789991,,0
2013,May,118229063,85804498,52343295,49772725,2570570,33461203,6168963,27292240,49772725,49772725,32973680,2133196,11633062,3032787,0,49772725,6830622,6830622,11840444,8198205,3642239,30792028,9721956,5872301,3466234,6300222,5431315,309631,49772725,6922440,12379123,9913829,7622827,3487025,4090206,5357275,49772725,6830622,41457576,19979142,7496385,4814034,4241686,4926329,1484527,49772725,24400168,6470825,18596550,305182,49772725,20187739,29584986,14271462,15313524,,0
2013,Jun,118340437,85756317,52244359,49632384,2611975,33511958,6087467,27424491,49632384,49632384,33351506,2179666,11290452,2810760,0,49632384,6733983,6733983,11884270,8449951,3434319,30708903,9484834,6034579,3307769,6595696,5286025,305228,49632384,6529429,12202037,10042650,7668569,3725475,3855526,5608698,49632384,6733983,41316046,19373861,7447125,4927387,4654978,4912695,1582355,49632384,24448908,6897661,17975379,310436,49632384,20820531,28811853,13715749,15096104,,0
2013,Jul,118451484,85962587,52603271,49903889,2699382,33359316,5662959,27696357,49903889,49903889,33242195,2102495,11537948,3021251,0,49903889,7111741,7111741,11732325,8138789,3593536,30817872,9997266,5778633,3339366,6310445,5392162,241951,49903889,6769455,12015789,10148005,7549991,3677096,4229421,5514132,49903889,7111741,41366500,20016073,7409056,4664203,4399544,4877624,1425648,49903889,24375424,6665414,18629711,233340,49903889,20058016,29845873,14154791,15691082,,0
2013,Ago,118564212,85822391,51836580,49149835,2686745,33985811,6114633,27871178,49149835,49149835,32632155,2070618,11589459,2857603,0,49149835,6878108,6878108,11730077,8125310,3604767,30264376,9481485,5679515,3450173,6240324,5412879,277274,49149835,6720779,11777433,9759206,7654331,3633879,4025869,5578338,49149835,6878108,40724527,19493573,7368745,4485019,4484120,4893070,1547200,49149835,24086888,6530559,18265845,266543,49149835,20093975,29055860,13726951,15328909,,0
2013,Sep,118675018,86130657,51784276,49037072,2747204,34346381,6075975,28270406,49037072,49037072,32784489,2083452,11269003,2900128,0,49037072,6580304,6580304,12003723,8485505,3518218,30157625,9578895,5725617,3335477,6513042,5004594,295420,49037072,6767428,11538994,10311477,7610661,3583983,3860398,5364131,49037072,6580304,40941441,18918101,7601968,4896521,4771953,4752898,1515327,49037072,24340275,6893462,17512354,290981,49037072,20915330,28121742,13403875,14717867,,0
2013,Oct,118785572,85864526,52174907,49561057,2613850,33689619,6326924,27362695,49561057,49561057,33457189,2275500,10879770,2948598,0,49561057,6962386,6962386,11772917,8064930,3707987,30577770,9802965,5936427,3272875,6272085,5293418,247984,49561057,7021110,11695012,10408380,7733174,3466949,3879787,5356645,49561057,6962386,41078297,19580166,7387642,4805820,4481091,4823578,1520374,49561057,24647338,6633027,18038776,241916,49561057,20212174,29348883,13903452,15445431,,0
2013,Nov,118896087,86165926,52400963,50050978,2349985,33764963,5820357,27944606,50050978,50050978,33571609,2250259,11238225,2990885,0,50050978,7000133,7000133,12239830,8503215,3736615,30557155,9672311,5756358,3547578,6363608,5217300,253860,50050978,6756812,11734086,10324594,7939014,3624768,3995223,5676481,50050978,7000133,41354458,19532093,7377629,4863476,4728222,4853038,1696387,50050978,25222491,6629467,17945859,253161,50050978,20980228,29070750,13648191,15422559,,0
2013,Dic,119006379,86084437,52577641,50334389,2243252,33506796,6104950,27401846,50334389,50334389,33961125,2150627,11337278,2885359,0,50334389,6938944,6938944,12015653,8457467,3558186,31059445,9791829,5892059,3414852,6644154,5316551,320347,50334389,6687260,11795087,10548990,7972229,3809156,3890833,5630834,50334389,6938944,41869615,19590084,7620976,4795781,4813968,5048806,1525830,50334389,24504871,6984652,18525939,318927,50334389,20675991,29658398,14225407,15432991,,0
2014,Ene,119118326,86255440,51616571,49000375,2616196,34638869,5936658,28702211,49000375,49000375,33403270,1999336,10874004,2723765,0,49000375,6867979,6867979,11884670,8380601,3504069,29996937,9515581,5841531,3312618,6171559,5155648,250789,49000375,6304124,12088504,11036733,7300648,3315110,3592912,5362344,49000375,6867979,40761310,19169978,7431517,4678913,4816743,4664159,1371086,49000375,24584074,6482155,17679523,254623,49000375,20295998,28704377,13683767,15020610,,0
2014,Feb,119224849,86358674,51362148,48967869,2394279,34996526,5941660,29054866,48967869,48967869,33327771,2021828,10990947,2627323,0,48967869,6649672,6649672,11931123,8121651,3809472,30144942,9325620,5806367,3588906,6350540,5073509,242132,48967869,6321331,11654673,11181253,7521527,3496794,3520486,5271805,48967869,6649672,40947333,19282093,7472009,4985367,4458295,4749569,1370864,48967869,24937927,6522472,17281391,226079,48967869,20864803,28103066,13440502,14662564,,0
2014,Mar,119331015,86293619,51916339,49426376,2489963,34377280,5869221,28508059,49426376,49426376,33488311,1997889,11265644,2674532,0,49426376,6394010,6394010,12152097,8553104,3598993,30558130,9600039,6203877,3262231,6327862,5164121,322139,49426376,6796598,12151625,11139763,7178445,3231780,3515863,5412302,49426376,6394010,41493744,19607826,7314914,4941753,4698333,4930918,1538622,49426376,24685192,6650676,17774090,316418,49426376,20629415,28796961,13871121,14925840,,0
2014,Abr,119440711,86556949,51726416,49216715,2509701,34830533,5801625,29028908,49216715,49216715,33578758,2078639,10901802,2657516,0,49216715,6574929,6574929,12144695,8452979,3691716,30241980,9277587,5887230,3355013,6395210,5326940,255111,49216715,6550278,11992635,11136124,7123850,3367704,3539615,5506509,49216715,6574929,41148512,19532740,7335131,4765743,4632629,4882269,1493274,49216715,24630602,6709834,17630898,245381,49216715,20589423,28627292,13725199,14902093,,0
2014,May,119550198,86721584,52080785,49506870,2573915,34640799,5652596,28988203,49506870,49506870,33771007,2125137,10951197,2659529,0,49506870,6758739,6758739,12084773,8206062,3878711,30409362,9419256,5856991,3413514,6581496,5138105,253996,49506870,6607187,11923956,11019767,7393789,3369357,3551625,5641189,49506870,6758739,41139566,19396438,7557660,4778175,4417986,4989307,1608565,49506870,25267597,6724712,17269640,244921,49506870,21290496,28216374,13291303,14925071,,0
2014,Jun,119659592,86727533,51844077,49347740,2496337,34883456,5924567,28958889,49347740,49347740,33386121,2065164,11104832,2791623,0,49347740,6829258,6829258,11935121,8269528,3665593,30284501,9682990,5902615,3422741,6235265,5040890,298860,49347740,6409438,12149909,10750931,7102380,3187563,3869173,5878346,49347740,6829258,41020232,19156753,7355848,5012148,4603620,4891863,1498250,49347740,24945233,6524418,17587820,290269,49347740,20909137,28438603,13330512,15108091,,0
2014,Jul,119768675,87059360,52631162,49752004,2879158,34428198,5503566,28924632,49752004,49752004,33462131,2069503,11158947,3061423,0,49752004,6959267,6959267,12210729,8358842,3851887,30265048,9543784,5745282,3424318,6235762,5315902,316960,49752004,6633237,11319019,11104639,7181353,3363744,4132767,6017245,49752004,6959267,41210960,19396842,7419374,4990793,4560077,4843874,1581777,49752004,24977592,6522607,17972517,279288,49752004,20614993,29137011,13478341,15658670,,0
2014,Ago,119879485,87100861,51833513,49143898,2689615,35267348,5703550,29563798,49143898,49143898,33455263,2073833,10976818,2637984,0,49143898,6996032,6996032,11970152,8308376,3661776,29948071,9456027,5694579,3374780,6412025,5010660,229643,49143898,6605644,11732994,10796708,7306728,3406302,3821269,5474253,49143898,6996032,40614283,18867225,7418199,4971407,4519144,4838308,1533583,49143898,25024448,6580199,17334244,205007,49143898,21081943,28061955,13015622,15046333,,0
2014,Sep,119988324,87381817,52385807,49718215,2667592,34996010,6143311,28852699,49718215,49718215,33339309,2085193,11476129,2817584,0,49718215,6695552,6695552,12096139,8337401,3758738,30649453,9779450,5836465,3437032,6340337,5256169,277071,49718215,6765854,11902964,10992411,7197602,3275257,3842264,5741863,49718215,6695552,41502938,19702508,7473867,4877708,4519337,4929518,1519725,49718215,25033560,6555030,17873525,256100,49718215,20972027,28746188,13619744,15126444,,0
2014,Oct,120096832,87692395,51883327,49405641,2477686,35809068,5821328,29987740,49405641,49405641,33676345,2117417,10881683,2730196,0,49405641,6599609,6599609,12173682,8400919,3772763,30336369,9451729,5926255,3415248,6262836,5280301,295981,49405641,6712693,11989927,10894758,7511846,3179166,3637195,5480056,49405641,6599609,41210270,19403082,7467848,4838197,4649054,4852089,1595762,49405641,24905939,6575144,17631370,293188,49405641,20678948,28726693,13585938,15140755,,0
2014,Nov,120205314,87561980,52212198,49848194,2364004,35349782,5986890,29362892,49848194,49848194,33965204,2016223,11174548,2692219,0,49848194,7144198,7144198,12034396,8311785,3722611,30341485,9727692,5675540,3446347,6449171,5042735,328115,49848194,6543402,12296604,10890498,7078203,3398274,3683799,5957414,49848194,7144198,40990574,19086834,7239121,5086128,4675849,4902642,1713422,49848194,25670695,6620949,17288011,268539,49848194,21550721,28297473,13221726,15075747,,0
2014,Dic,120313497,87564343,52413263,50443884,1969379,35151080,5705631,29445449,50443884,50443884,33997224,2085585,11550648,2810427,0,50443884,6768894,6768894,12210341,8373888,3836453,31142438,9918369,6283682,3255119,6296558,5388710,322211,50443884,6967922,11766798,11381766,7012917,3242665,3710650,6361166,50443884,6768894,41970150,20269357,7434227,4702304,4568175,4996087,1704840,50443884,25204980,6498328,18450459,290117,50443884,20848500,29595384,14267026,15328358,,0
2015,Ene,120423437,88263489,51972740,49627145,2345595,36290749,6018608,30272141,49627145,49627145,33614504,2242949,11201168,2568524,0,49627145,6743095,6743095,12234403,8432587,3801816,30386198,9493913,5910647,3451097,6119115,5411426,263449,49627145,6450291,12691149,10167587,7707119,3364316,3489624,5757059,49627145,6743095,41395981,19592806,7314508,4931293,4721286,4836088,1488069,49627145,25542294,6487671,17366090,231090,49627145,21110934,28516211,13197167,15319044,,0
2015,Feb,120527806,87765425,52156035,49900197,2255838,35609390,5835370,29774020,49900197,49900197,34185208,2035010,11106620,2573359,0,49900197,6492392,6492392,12384263,8506602,3877661,30747553,9651421,5809774,3559239,6424517,5302602,275989,49900197,6913998,12700465,10067193,7415923,3403643,3491072,5907903,49900197,6492392,41749152,19544121,7323947,4995603,4910617,4974864,1658653,49900197,25406621,6636155,17596927,260494,49900197,21196420,28703777,13577850,15125927,,0
2015,Mar,120631407,87916325,52094439,50082043,2012396,35821886,6174161,29647725,50082043,50082043,33898275,2216094,11564364,2403310,0,50082043,6315242,6315242,12255356,8305240,3950116,31214567,9689283,6263201,3537407,6429346,5295330,296878,50082043,6797940,12369332,10222842,7828828,3446798,3344114,6072189,50082043,6315242,42107322,20242760,7607620,4772675,4462840,5021427,1659479,50082043,25344832,6616435,17857027,263749,50082043,21018314,29063729,13887469,15176260,,0
2015,Abr,120738921,88377858,52318583,50061700,2256883,36059275,5815878,30243397,50061700,50061700,34116185,2147031,10952986,2845498,0,50061700,6730762,6730762,12716465,8759371,3957094,30344652,9221200,6111906,3413661,6176970,5420915,269821,50061700,6740792,12890790,10412457,7029910,3098685,3764895,6124171,50061700,6730762,41583928,19744723,7641947,4863960,4563225,4770073,1747010,50061700,25500379,6524060,17812121,225140,50061700,21083859,28977841,13726231,15251610,,0
2015,May,120846221,88205550,52735392,50390707,2344685,35470158,5841566,29628592,50390707,50390707,34296889,2111190,11398967,2583661,0,50390707,6650207,6650207,12522314,8501396,4020918,30909442,9630881,5824178,3424559,6571854,5457970,308744,50390707,7065064,12663749,10912827,7193251,3174092,3494468,5887256,50390707,6650207,41919189,19781699,7572122,4889164,4642416,5033788,1821311,50390707,25529362,6711498,17889215,260632,50390707,21437803,28952904,13795202,15157702,,0
2015,Jun,120953538,88249368,53046722,50709887,2336835,35202646,5951525,29251121,50709887,50709887,34115143,2191874,11618185,2784685,0,50709887,6911257,6911257,12027346,8200552,3826794,31497270,9850490,6396428,3457535,6501671,5291146,274014,50709887,6929901,12854166,10750049,7257548,3075268,3889309,5953646,50709887,6911257,42174316,20023353,7676941,4925662,4708199,4840161,1624314,50709887,25591334,6781893,18080434,256226,50709887,21222636,29487251,13783195,15704056,,0
2015,Jul,121060053,89009007,53412745,50893073,2519672,35596262,5781214,29815048,50893073,50893073,34113258,2250915,11467144,3061756,0,50893073,7058629,7058629,12777099,8595605,4181494,30780045,9554968,6480472,3397696,6047991,5298918,277300,50893073,6822906,12937673,10662432,7213672,3295119,4016719,5944552,50893073,7058629,42209423,20394942,7361001,4853616,4822542,4777322,1625021,50893073,25887697,6306637,18442994,255745,50893073,21131371,29761702,14015551,15746151,,0
2015,Ago,121168482,88687323,53483349,50980069,2503280,35203974,6032242,29171732,50980069,50980069,34510482,2182399,11564126,2723062,0,50980069,6675282,6675282,12821753,8864385,3957368,31165111,9721165,6025102,3566512,6437729,5414603,317923,50980069,6963838,12682156,11065207,7327861,3249220,3765776,5926011,50980069,6675282,42572320,20227178,7318773,5130839,4801464,5094066,1732467,50980069,25804624,6547532,18357724,270189,50980069,21739150,29240919,13869713,15371206,,0
2015,Sep,121274663,88630448,52757113,50384293,2372820,35873335,6413923,29459412,50384293,50384293,34152382,2280355,11420724,2530832,0,50384293,6611230,6611230,12328519,8403220,3925299,31143505,9827485,6318413,3547355,6313085,5137167,301039,50384293,6995112,12784219,10680728,7261409,3260240,3446791,5955794,50384293,6611230,42069955,20118744,7749219,4934107,4533265,4734620,1703108,50384293,25803664,6557964,17753554,269111,50384293,21342131,29042162,13779219,15262943,,0
2015,Oct,121380831,89313648,53654181,51212256,2441925,35659467,5957217,29702250,51212256,51212256,34839499,2301411,11345834,2725512,0,51212256,6838207,6838207,12901633,8834018,4067615,31177563,9599375,6479045,3396390,6206955,5495798,294853,51212256,7428454,12854320,11087237,7452163,3177420,3579793,5632869,51212256,6838207,42615512,20542158,7538596,4989406,4646709,4898643,1758537,51212256,25795250,6470241,18664833,281932,51212256,21248006,29964250,14422899,15541351,,0
2015,Nov,121486574,89011600,54706807,52540659,2166148,34304793,5914101,28390692,52540659,52540659,35476211,2297628,11956799,2810021,0,52540659,6995182,6995182,13221370,9164634,4056736,31974147,10081912,6154100,3664961,6563799,5509375,349960,52540659,8149571,12502817,10970815,7603606,3378852,3679038,6255960,52540659,6995182,43735899,20900785,7586004,5217785,4890847,5140478,1809578,52540659,26868426,6731631,18659269,281333,52540659,22064360,30476299,14376581,16099718,,0
2015,Dic,121592254,89224022,53277272,51166067,2111205,35946750,5808413,30138337,51166067,51166067,35097338,2238362,11143294,2687073,0,51166067,6887620,6887620,12264847,8440573,3824274,31740765,10224516,6500299,3540762,6334134,5141054,272835,51166067,7378198,12476579,10848170,7452912,3259004,3579187,6172017,51166067,6887620,42397376,20365118,7517557,5044979,4769667,4700055,1881071,51166067,26240527,6474252,18205906,245382,51166067,21457704,29708363,14216254,15492109,,0
2016,Ene,121699501,89329446,52818939,50581334,2237605,36510507,5983178,30527329,50581334,50581334,34534903,2207687,11317028,2521716,0,50581334,6563568,6563568,12718417,8599610,4118807,31051302,9379092,6389994,3479778,6230390,5572048,248047,50581334,7913329,13671485,10355502,6204818,3057079,3382038,5997083,50581334,6563568,42252789,20249867,7626513,4875736,4541069,4959604,1764977,50581334,25968389,6442877,17937988,232080,50581334,21266245,29315089,13759785,15555304,,0
2016,Feb,121803366,89363633,53282157,51073126,2209031,36081476,6020535,30060941,51073126,51073126,34857749,2275345,11609873,2330159,0,51073126,6278653,6278653,13171234,8935513,4235721,31345379,9717891,6274007,3487377,6396501,5469603,277860,51073126,8010476,13753341,10425198,6473951,3051372,3023287,6335501,51073126,6278653,43148835,20563051,7710690,5128594,4702370,5044130,1645638,51073126,26610697,6535657,17683427,243345,51073126,21779843,29293283,13877573,15415710,,0
2016,Mar,121906936,89767132,52917798,50939877,1977921,36849334,5935628,30913706,50939877,50939877,34900765,2267595,11399986,2371531,0,50939877,6475257,6475257,12776652,8781528,3995124,31398653,9782248,6570407,3561347,6307030,5177621,289315,50939877,7813990,13890525,10653691,6449700,2899419,3145345,6087207,50939877,6475257,42783013,20385332,7693817,5104445,4946960,4652459,1681607,50939877,27075853,6437449,17184088,242487,50939877,21958171,28981706,13630572,15351134,,0
2016,Abr,122012083,89729922,53316730,51291250,2025480,36413192,5908862,30504330,51291250,51291250,35354599,2207099,11262658,2466894,0,51291250,6521839,6521839,13003196,8678805,4324391,31534074,9464220,6507004,3542394,6407166,5613290,232141,51291250,7990645,13519766,10904893,6500386,3029854,3314947,6030759,51291250,6521839,43125642,20687644,7795330,5182254,4517327,4943087,1643769,51291250,26487285,6668228,17933284,202453,51291250,21878348,29412902,13916084,15496818,,0
2016,May,122117162,89729221,53929990,51754555,2175435,35799231,6153164,29646067,51754555,51754555,35130372,2323851,11711977,2588355,0,51754555,6523125,6523125,13241376,8933177,4308199,31654905,9895434,6331767,3610266,6316393,5501045,335149,51754555,8422760,13503437,10685604,6547211,2971159,3416472,6207912,51754555,6523125,43461881,21090211,7606897,5171666,4579353,5013754,1769549,51754555,26841679,6536023,18095126,281727,51754555,22112914,29641641,14116078,15525563,,0
2016,Jun,122221748,90128308,53449334,51348594,2100740,36678974,5602760,31076214,51348594,51348594,35237164,2313908,11333231,2464291,0,51348594,6780959,6780959,12793382,8697156,4096226,31523860,9735994,6422883,3683255,6486467,5195261,250393,51348594,7680176,14093584,10525967,6519762,2926969,3449015,6153121,51348594,6780959,42593654,20164163,7866864,5366381,4599445,4596801,1973981,51348594,27027237,6538702,17588205,194450,51348594,22176928,29171666,13676255,15495411,,0
2016,Jul,122326701,90328846,54684685,52493422,2191263,35644161,5239994,30404167,52493422,52493422,35701696,2351606,11762295,2677825,0,52493422,6967226,6967226,13445599,9082196,4363403,31781101,9787740,6432351,3712782,6485761,5362467,299496,52493422,8079888,13708196,10819384,6750356,3135619,3719451,6280528,52493422,6967226,43618835,20934823,7793379,5317188,4485551,5087894,1907361,52493422,27072172,6711588,18446526,263136,52493422,22324973,30168449,14142619,16025830,,0
2016,Ago,122433248,89987823,54131276,51963950,2167326,35856547,5825869,30030678,51963950,51963950,35176789,2232952,11887246,2666963,0,51963950,6897040,6897040,13170510,9019514,4150996,31620555,9760029,6468565,3609230,6261198,5521533,275845,51963950,7939491,13501308,11097236,6611325,3158498,3678424,5977668,51963950,6897040,43090467,20570597,7593576,5203459,4678568,5044267,1976443,51963950,26514185,6392727,18823086,233952,51963950,21846701,30117249,14422863,15694386,,0
2016,Sep,122537645,90389752,53947476,51714918,2232558,36442276,5507044,30935232,51714918,51714918,35335720,2346608,11484520,2548070,0,51714918,6888978,6888978,12588721,8578756,4009965,31984399,10078006,6680864,3575438,6498167,5151924,252820,51714918,7475505,13550004,11005711,6695138,3268497,3496980,6223083,51714918,6888978,43006099,20200358,7815629,5364162,5022038,4603912,1819841,51714918,27364777,6522136,17612592,215413,51714918,22436943,29277975,13699543,15578432,,0
2016,Oct,122642348,90573556,53922056,51942615,1979441,36651500,5882867,30768633,51942615,51942615,35528381,2297154,11670847,2446233,0,51942615,6765408,6765408,13418638,9055071,4363567,31474338,9444033,6475440,3604892,6426906,5523067,284231,51942615,7662841,13627375,10910255,6742400,3242903,3416463,6340378,51942615,6765408,43348567,20891369,7710167,5262211,4545168,4939652,1828640,51942615,26590657,6503097,18590520,258341,51942615,21937507,30005108,14488820,15516288,,0
2016,Nov,122746398,90213387,54168351,52264405,1903946,36045036,5670954,30374082,52264405,52264405,35625620,2347239,11787110,2504436,0,52264405,7051603,7051603,13375550,8989599,4385951,31549669,9867493,6373318,3501252,6453711,5353895,287583,52264405,7523442,13633363,11422067,7089212,3131075,3362614,6102632,52264405,7051603,43251378,20525343,7929256,5290563,4540621,4965595,1961424,52264405,27412001,6469448,18129340,253616,52264405,22488168,29776237,14052455,15723782,,0
2016,Dic,122850749,90986918,54025172,52203968,1821204,36961746,6073612,30888134,52203968,52203968,35872488,2420754,11280710,2630016,0,52203968,6983167,6983167,13103125,8860912,4242213,31829523,10001207,6719303,3500853,6279685,5328475,288153,52203968,7144289,13486432,11380382,6944355,3236241,3513648,6498621,52203968,6983167,43294552,20426091,7938997,5430065,4888987,4610412,1926249,52203968,27703796,6372907,17868984,258281,52203968,22579411,29624557,13918663,15705894,,0
2017,Ene,122956699,90886625,53573899,51649263,1924636,37312726,5861225,31451501,51649263,51649263,35383125,2470498,11247859,2547781,0,51649263,6862722,6862722,13068413,8938812,4129601,31475777,9555496,6502581,3756228,6333284,5328188,242351,51649263,7443920,14456751,10974228,6443370,2616952,3365427,6348615,51649263,6862722,43165084,20424828,8220268,5128967,4558033,4832988,1621457,51649263,27157008,6440300,17812472,239483,51649263,21958894,29690369,13848466,15841903,,0
2017,Feb,123056905,90721803,53854720,52039119,1815601,36867083,5758899,31108184,52039119,52039119,35902106,2516225,11391364,2229424,0,52039119,6372293,6372293,13495874,9169489,4326385,31894155,9610419,6436861,3672285,6539989,5634601,276797,52039119,7293572,14584642,11501308,6618524,2756204,2923152,6361717,52039119,6372293,43908798,20916323,8007961,5276163,4696882,5011469,1758028,52039119,27135914,6592292,18112677,198236,52039119,22338298,29700821,14245296,15455525,,0
2017,Mar,123157386,90838690,53912201,52193091,1719110,36926489,5630933,31295556,52193091,52193091,36079372,2310608,11550027,2253084,0,52193091,6403319,6403319,13274967,8844889,4430078,32239811,9948660,6734085,3480132,6574445,5502489,274994,52193091,7589218,13957171,11303424,6777757,2702107,3085134,6778280,52193091,6403319,43991096,20702162,7976673,5544577,5004505,4763179,1798676,52193091,27309915,6602031,18012973,268172,52193091,22547184,29645907,14261662,15384245,,0
2017,Abr,123265109,91258811,53776408,51913214,1863194,37482403,6046991,31435412,51913214,51913214,35507161,2471321,11463533,2471199,0,51913214,6627848,6627848,13376646,9183591,4193055,31655987,9557481,6496544,3633535,6516867,5451560,252733,51913214,7459368,14051794,10886322,6739866,2751971,3193140,6830753,51913214,6627848,43344547,20750185,7949325,5119413,4755039,4770585,1940819,51913214,27678383,6537421,17486455,210955,51913214,22807026,29106188,13711315,15394873,,0
2017,May,123364482,91298864,54253673,52321012,1932661,37045191,5610038,31435153,52321012,52321012,35885879,2345308,11659824,2430001,0,52321012,6585434,6585434,13348449,9145223,4203226,32068893,9571463,6651655,3898268,6542974,5404533,318236,52321012,7702650,13925457,10790777,6529212,2836164,3330589,7206163,52321012,6585434,43699993,20828044,8142566,5201491,4601511,4926381,2035585,52321012,27179763,6644525,18198686,298038,52321012,22733352,29587660,14250934,15336726,,0
2017,Jun,123467677,91196153,54155697,52386589,1769108,37040456,5834757,31205699,52386589,52386589,35642401,2421368,11738293,2584527,0,52386589,6865943,6865943,13257913,9011237,4246676,31908312,9797945,6627816,3530345,6358196,5594010,354421,52386589,7395710,14253338,11073015,6536410,2749275,3509946,6868895,52386589,6865943,43583206,20456196,7785491,5486528,5024039,4830952,1937440,52386589,27500470,6375828,18175297,334994,52386589,22786419,29600170,13990913,15609257,,0
2017,Jul,123570634,91774156,54857325,52986503,1870822,36916831,5118719,31798112,52986503,52986503,36191601,2368278,11752530,2674094,0,52986503,6980415,6980415,13866044,9516197,4349847,31826594,9481705,6554104,3778891,6383523,5628371,313450,52986503,7262741,13898349,10744794,6769022,2893458,3717366,7700773,52986503,6980415,43906819,20859934,7989723,5220285,4928589,4908288,2099269,52986503,27996648,6421768,18270050,298037,52986503,22518869,30467634,13953107,16514527,,0
2017,Ago,123675147,91447502,53933411,52031909,1901502,37514091,5481803,32032288,52031909,52031909,35826400,2235331,11628110,2342068,0,52031909,7004125,7004125,13344626,9144442,4200184,31332893,9387765,6399916,3837863,6439826,5267523,350265,52031909,7178899,13644125,11199556,6743124,2660594,3176764,7428847,52031909,7004125,42971881,20167033,7900906,5527353,4708137,4668452,2055903,52031909,27648312,6515897,17553623,314077,52031909,22246031,29785878,13739465,16046413,,0
2017,Sep,123777624,91660615,54199466,52249623,1949843,37461149,5895782,31565367,52249623,52249623,35728484,2329796,11813109,2378234,0,52249623,6883016,6883016,13080018,9046560,4033458,31919709,9772577,6773717,3550279,6518337,5304799,366880,52249623,7595913,13563394,11170469,6480882,2593825,3451833,7393307,52249623,6883016,43228614,20170476,7824457,5235889,5202777,4795015,2137993,52249623,27165681,6578216,18183682,322044,52249623,22553327,29696296,14018217,15678079,,0
2017,Oct,123880080,92243493,54905452,52982789,1922663,37338041,5627676,31710365,52982789,52982789,36316982,2459700,11617758,2588349,0,52982789,6973694,6973694,13786253,9268422,4517831,31909508,9642886,6554871,3675091,6657067,5379593,313334,52982789,7610947,13714167,11067284,6867182,2578909,3423846,7720454,52982789,6973694,43733283,20938672,7993628,5314825,4735925,4750233,2275812,52982789,27559262,6759322,18416087,248118,52982789,22587043,30395746,14411439,15984307,,0
2017,Nov,123982575,91787701,54639895,52771640,1868255,37147806,5545703,31602103,52771640,52771640,36077181,2385573,11731973,2576913,0,52771640,7387908,7387908,13271877,9060535,4211342,31810904,9565843,6541750,3637087,6744242,5321982,300951,52771640,7570076,13396018,11383108,6659607,2494958,3473373,7794500,52771640,7387908,43234520,20310689,7902320,5284123,4869894,4867494,2149212,52771640,27728241,6758893,18020417,264089,52771640,22765006,30006634,14028205,15978429,,0
2017,Dic,124084702,92424442,54576878,52869789,1707089,37847564,5805290,32042274,52869789,52869789,36350242,2404360,11713963,2401224,0,52869789,6864096,6864096,13505895,9226179,4279716,32148680,9833747,6735094,3539675,6469853,5570311,351118,52869789,8689238,15549458,9164018,6541989,2200786,3303305,7420995,52869789,6864096,43968272,20392537,8057578,5394117,5157170,4966870,2037421,52869789,27720307,6617237,18224605,307640,52869789,22899458,29970331,14048742,15921589,,0
2018,Ene,124188289,92960536,54816081,52958259,1857822,38144455,5916613,32227842,52958259,52958259,36450120,2501764,11463093,2543282,0,52958259,6835373,6835373,13593210,9353848,4239362,32233180,9740425,6706030,3856358,6511287,5419080,296496,52958259,8588654,15192775,9810162,6608909,2218657,3278539,7260563,52958259,6835373,44003059,21024591,8151732,5480628,4833251,4512857,2119827,52958259,27869915,6627902,18206710,253732,52958259,22716367,30241892,14563884,15678008,,0
2018,Feb,124286454,92313377,54620960,52870327,1750633,37692417,5562594,32129823,52870327,52870327,36389301,2388079,11975873,2117074,0,52870327,6801289,6801289,13677954,9237764,4440190,32101417,9784446,6672549,3684231,6609921,5350270,289667,52870327,8811835,15382541,9556987,6686408,2338880,2849296,7244380,52870327,6801289,43993376,20915633,7924161,5463478,4978477,4711627,2075662,52870327,28105708,6629155,17869069,266395,52870327,23004752,29865575,14375762,15489813,,0
2018,Mar,124384893,92846680,54815555,53204181,1611374,38031125,5716854,32314271,53204181,53204181,36528179,2588800,12012454,2074748,0,53204181,6566055,6566055,13704843,9330046,4374797,32656561,9847918,6904185,3682312,6578443,5643703,276722,53204181,8757846,15403823,9879257,6714437,2318721,2841829,7288268,53204181,6566055,44524342,20937501,8130403,5309874,5148443,4998121,2113784,53204181,27966624,6597656,18399436,240465,53204181,23043457,30160724,14512901,15647823,2.94,0
2018,Abr,124485970,93393765,55467633,53582454,1885179,37926132,5626300,32299832,53582454,53582454,36677144,2505644,12039194,2360472,0,53582454,6523106,6523106,13793139,9352325,4440814,32999656,10174488,6812018,3798980,6707598,5506572,266553,53582454,8638742,15237233,9926812,6986042,2272432,3172120,7349073,53582454,6523106,45026731,21685756,8541155,5457364,4682749,4659707,2032617,53582454,27953704,6813012,18571265,244473,53582454,23268482,30313972,14882500,15431472,3.4,0
2018,May,124587260,92746783,55710231,53915332,1794899,37036552,5564558,31471994,53915332,53915332,36803122,2593246,12101304,2417660,0,53915332,7134236,7134236,13610322,9167703,4442619,32813977,10083387,6753397,3852555,6728602,5396036,356797,53915332,8900563,15195838,9533186,7043940,2483442,3359836,7398527,53915332,7134236,44612487,21469569,8069931,5508404,4927515,4637068,2168609,53915332,28368511,6819538,18398488,328795,53915332,23301711,30613621,14610739,16002882,3.22,0
2018,Jun,124688307,93179364,55721307,53834987,1886320,37458057,5496019,31962038,53834987,53834987,36994881,2565950,11961196,2312960,0,53834987,6590012,6590012,13755648,9400928,4354720,33129574,10120685,6757013,3870476,6755983,5625417,359753,53834987,8539771,15454394,9590981,6832695,2485743,3213196,7718207,53834987,6590012,44869009,20949600,8320260,5462568,5043434,5093147,2375966,53834987,28047685,6907319,18575750,304233,53834987,23411992,30422995,14576477,15846518,3.39,0
2018,Jul,124789149,93599144,55910003,53965655,1944348,37689141,5624540,32064601,53965655,53965655,36603493,2635540,12084338,2642284,0,53965655,7105571,7105571,13896226,9320083,4576143,32612420,10009408,6649360,3912178,6582870,5458604,351438,53965655,8263686,15172838,9845449,6893102,2316131,3708697,7765752,53965655,7105571,44596711,21246901,8066491,5578986,4878128,4826205,2263373,53965655,27924456,6665663,19079087,296449,53965655,23247757,30717898,14857698,15860200,3.48,0
2018,Ago,124891123,93394213,56023858,54080657,1943201,37370355,5621006,31749349,54080657,54080657,36597419,2444918,12386129,2652191,0,54080657,7445355,7445355,13470325,9232277,4238048,32806080,10313208,6813477,3757729,6423869,5497797,358897,54080657,8624016,14893716,9822390,7100770,2455304,3618336,7566125,54080657,7445355,44399569,21157661,8050321,5539424,4852038,4800125,2235733,54080657,28367064,6423968,18957219,332406,54080657,23331826,30748831,14785107,15963724,3.47,0
2018,Sep,124991699,93673207,55766618,53758812,2007806,37906589,5569478,32337111,53758812,53758812,36578173,2660238,12159366,2361035,0,53758812,6479403,6479403,13923256,9445046,4478210,33015016,10081676,6951992,4034135,6604584,5342629,341137,53758812,8834073,15100431,9874903,6796795,2442230,3133440,7576940,53758812,6479403,45109304,21495936,8315622,5381904,4974353,4941489,2170105,53758812,28170857,6778240,18501697,308018,53758812,23487262,30271550,14769983,15501567,3.6,0
2018,Oct,125092241,94046362,55781013,53974604,1806409,38265349,5690933,32574416,53974604,53974604,36930863,2540011,12105422,2398308,0,53974604,6480061,6480061,14110862,9539586,4571276,33090706,9941895,6878223,4117024,6771374,5382190,292975,53974604,8665394,15260578,9749414,7012987,2382701,3246919,7656611,53974604,6480061,45303662,21587437,8271371,5673954,4993785,4777115,2190881,53974604,28328536,6889002,18499040,258026,53974604,23769409,30205195,14840220,15364975,3.24,0
2018,Nov,125191836,93730708,56221124,54386367,1834757,37509584,5940764,31568820,54386367,54386367,36739032,2594540,12421698,2631097,0,54386367,7501052,7501052,13404214,9404342,3999872,33184775,10250019,6981877,3921780,6520174,5510925,296326,54386367,8722834,15002073,10110115,6949248,2550000,3496101,7555996,54386367,7501052,44618317,21322739,7765023,5683354,5093303,4753898,2266998,54386367,28904338,6489015,18704553,288461,54386367,23263144,31123223,14760753,16362470,3.26,0
2018,Dic,125291628,93958342,55859234,53985439,1873795,38099108,6068212,32030896,53985439,53985439,37130463,2748280,11597251,2509445,0,53985439,6576592,6576592,13866909,9524551,4342358,33265686,10095248,7356862,3897964,6487690,5427922,276252,53985439,8600144,14885082,10000939,6775909,2388316,3259397,8075652,53985439,6576592,45072353,21524838,8143483,5300352,5112749,4990931,2336494,53985439,28460164,6544417,18717495,263363,53985439,23343840,30641599,14790636,15850963,3.35,0
2019,Ene,125392852,94086111,55725422,53737276,1988146,38360689,5705504,32655185,53737276,53737276,36474872,2521011,12242891,2498502,0,53737276,6404048,6404048,13610372,9301809,4308563,33422625,10357425,6982859,3808941,6779870,5493530,300231,53737276,10105956,16866689,9644511,4638676,1787577,3236926,7456941,53737276,6404048,45111281,21466723,7988849,5764184,4958536,4932989,2221947,53737276,28250114,6742834,18475112,269216,53737276,23329358,30407918,14716866,15691052,3.57,0
2019,Feb,125489220,94268094,55840282,53997870,1842412,38427812,5558070,32869742,53997870,53997870,36703814,2535976,12303636,2454444,0,53997870,7036921,7036921,13438309,9291737,4146572,33238475,10376246,7006677,3972238,6284078,5599236,284165,53997870,10941810,17276000,9593476,4427344,1678125,3176242,6904873,53997870,7036921,44746306,21850800,7859942,5443314,4983761,4608489,2214643,53997870,28693415,6315743,18739163,249549,53997870,22866754,31131116,15077495,16053621,3.3,0
2019,Mar,125584929,94582766,56749752,54907971,1841781,37833014,5683110,32149904,54907971,54907971,37489653,2697544,12348161,2372613,0,54907971,6338324,6338324,13796095,9560090,4236005,34462758,10723268,7411917,3906910,6606416,5814247,310794,54907971,11086353,17278622,10220630,4454473,1752120,2991246,7124527,54907971,6338324,46310242,22367476,8199557,5383546,5176178,5183485,2259405,54907971,28840402,6641094,19134786,291689,54907971,23759316,31148655,15307852,15840803,3.25,0
2019,Abr,125683963,94174859,56211119,54243958,1967161,37963740,5960044,32003696,54243958,54243958,37035842,2522216,12357607,2328293,0,54243958,6210236,6210236,13855294,9362563,4492731,33898080,10529439,7089258,3909357,6640411,5729615,280348,54243958,10517510,17297822,10197666,4336026,1668002,3101630,7125302,54243958,6210236,45669588,22417072,8157491,5299988,4843696,4951341,2364134,54243958,28024875,6669687,19280366,269030,54243958,23627012,30616946,15560643,15056303,3.5,0
2019,May,125782766,94666931,56988752,54987230,2001522,37678179,5397801,32280378,54987230,54987230,37231859,2625435,12562905,2567031,0,54987230,7041634,7041634,14010507,9879291,4131216,33615577,10508398,7128241,3793372,6582406,5603160,319512,54987230,11184122,17510593,9692970,4555711,1836501,3312747,6894586,54987230,7041634,45729422,22104562,8167592,5465955,5163075,4828238,2216174,54987230,29356088,6565722,18763712,301708,54987230,24114666,30872564,15042265,15830299,3.51,0
2019,Jun,125881121,95278662,57633376,55578236,2055140,37645286,5590403,32054883,55578236,55578236,38029818,2659222,12434111,2455085,0,55578236,6872344,6872344,13714080,9485224,4228856,34665430,10955634,7314214,3954937,6707079,5733566,326382,55578236,10834588,17943410,9853460,4499341,2103591,3240328,7103518,55578236,6872344,46486472,22405705,8137331,5416875,5289447,5237114,2219420,55578236,29469770,6673386,19122440,312640,55578236,24260536,31317700,15124525,16193175,3.57,0
2019,Jul,125979461,94459713,57113253,54992489,2120764,37346460,5673399,31673061,54992489,54992489,37323109,2621281,12439605,2608494,0,54992489,6859296,6859296,13674667,9383130,4291537,34105513,10741640,7306190,3865959,6514770,5676954,353013,54992489,10653116,17955009,9703380,4630480,1882408,3590659,6577437,54992489,6859296,46027503,22185984,8221053,5501685,5068811,5049970,2105690,54992489,28893859,6587148,19163840,347642,54992489,24052183,30940306,15080116,15860190,3.71,0
2019,Ago,126078923,94923048,57338276,55196528,2141748,37584772,5781589,31803183,55196528,55196528,37281563,2670911,12541523,2702531,0,55196528,7366570,7366570,13946901,9661955,4284946,33591825,10577123,6948899,3861094,6529673,5675036,291232,55196528,11097815,17126638,10142976,4693134,1820968,3505052,6809945,55196528,7366570,45766837,22117669,8008072,5660739,4942212,5038145,2063121,55196528,29245096,6515538,19147980,287914,55196528,24058769,31137759,15112080,16025679,3.74,0
2019,Sep,126179573,95575190,57456437,55272975,2183462,38118753,6239024,31879729,55272975,55272975,37684832,2741747,12272055,2574341,0,55272975,6753487,6753487,13895689,9541190,4354499,34316926,10616754,7317179,4082046,6770273,5530674,306873,55272975,11143109,17483140,10068373,4594072,1680982,3362348,6940951,55272975,6753487,46225543,22247695,8103482,5642636,5036519,5195211,2293945,55272975,28991799,6762896,19227469,290811,55272975,23996630,31276345,15302424,15973921,3.8,0
2019,Oct,126274019,94963564,57193109,55106388,2086721,37770455,5645696,32124759,55106388,55106388,37436955,2535859,12721038,2412536,0,55106388,6397670,6397670,13581489,9516440,4065049,34783910,10892048,7338485,3949613,6900738,5703026,343319,55106388,11027435,17387540,9930055,4905648,2001679,3293043,6560988,55106388,6397670,46496583,22676670,8106820,5704938,5036891,4971264,2212135,55106388,28677901,6898861,19199916,329710,55106388,24099615,31006773,15389825,15616948,3.65,0
2019,Nov,126371137,95541668,57830796,55840498,1990298,37710872,5983976,31726896,55840498,55840498,38162851,2742279,12351812,2583556,0,55840498,7508592,7508592,13978803,9827379,4151424,34054404,10575565,7185502,3848053,6697309,5747975,298699,55840498,11212427,17620483,10010294,5061274,2019921,3366859,6549240,55840498,7508592,45948822,21841369,8135346,5662770,5094849,5214488,2383084,55840498,29776970,6705426,19065102,293000,55840498,24529626,31310872,14913737,16397135,3.44,0
2019,Dic,126468339,96016767,57770046,56091351,1678695,38246721,5991629,32255092,56091351,56091351,38311123,2742505,12463812,2573911,0,56091351,6768798,6768798,13690451,9349917,4340534,35322349,11270010,7458958,3987504,6877602,5728275,309753,56091351,10978288,17588572,10125807,4948079,2007061,3391385,7052159,56091351,6768798,47041702,22634590,8353742,5778495,4986464,5288411,2280851,56091351,29636935,6960799,19206467,287150,56091351,24633384,31457967,15290194,16167773,2.91,0
2020,Ene,126566858,95406712,57005481,54844566,2160915,38401231,5634458,32766773,54844566,54844566,37509206,2529033,12446133,2360194,0,54844566,6365928,6365928,13539283,9361442,4177841,34608070,10762321,7237604,3875184,6851004,5881957,331285,54844566,12320312,19546323,8541483,3462537,1291602,3187234,6495075,54844566,6365928,46446030,21966958,8617946,5483533,5285682,5091911,2032608,54844566,28576272,6916997,19023161,328136,54844566,24000316,30844250,15206708,15637542,3.79,0
2020,Feb,126661947,96147280,57812506,55747907,2064599,38334774,5674205,32660569,55747907,55747907,38008312,2807409,12756312,2175874,0,55747907,7074360,7074360,13965901,9598229,4367672,34394564,10626326,7254430,3883334,6886885,5743589,313082,55747907,13020725,19783334,8388344,3769106,1547349,2859176,6379873,55747907,7074360,46512508,22454363,8377432,5289463,5140975,5250275,2161039,55747907,29391326,6935344,19115538,305699,55747907,24397281,31350626,15346503,16004123,3.57,0
2020,Mar,126756307,96113330,57442288,55755648,1686640,38671042,5897317,32773725,55755648,55755648,38766747,2839748,12035777,2113376,0,55755648,6328001,6328001,13827145,9502707,4324438,35257011,10970838,7303184,4076706,7230242,5676041,343491,55755648,12261220,20201686,8916740,3979070,1737997,2678077,5980858,55755648,6328001,47262992,22772069,8491529,5489261,5111781,5398352,2164655,55755648,29755698,7225040,18453289,321621,55755648,24708812,31046836,15028180,16018656,2.94,0
2020,Apr,126852639,95628637,45417952,43294807,2123145,50210685,19969503,30241182,43294807,43294807,32433529,2281263,7739203,840812,0,43294807,5421646,5421646,10127306,7484703,2642603,27591360,7210862,5058994,3738281,6559291,5023932,154495,43294807,11164082,15125268,6320770,3338178,1181033,1262712,4902764,43294807,5421646,35712090,14728312,6210805,5041030,3804777,5927166,2161071,43294807,24345605,6703799,12097182,148221,N/A,N/A,N/A,N/A,N/A,4.67,1
2020,May,126948647,95866594,45485898,43578792,1907106,50380696,19365307,31015389,43578792,43578792,31507751,1960357,8285341,1825343,0,43578792,5456407,5456407,10246835,7358179,2888656,27662260,7580761,5647277,3102019,6680318,4651885,213290,43578792,11181813,14317521,5530918,3265560,1136434,2238754,5907792,43578792,5456407,36171395,16470945,5618414,4705279,3472987,5903770,1950990,43578792,23318457,6493403,13581227,185705,N/A,N/A,N/A,N/A,N/A,4.19,1
2020,Jun,127044415,96282311,51136700,48328185,2808515,45145611,13228956,31916655,48328185,48328185,34243211,2166562,9849519,2068893,0,48328185,6375759,6375759,11291714,7748046,3543668,30481941,9000960,5421508,3650066,6868948,5540459,178771,48328185,11504087,17809805,6422508,3074880,1093615,2452855,5970435,48328185,6375759,39856238,17636094,6874073,5503735,4098217,5744119,2096188,48328185,25600220,6904300,15645263,178402,N/A,N/A,N/A,N/A,N/A,5.49,1
2020,Jul,127140344,95782580,52615299,49780810,2834489,43167281,11261661,31905620,49780810,49780810,33857908,2481025,11111609,2330268,0,49780810,6005665,6005665,12141195,8543617,3597578,31414011,10720751,6101687,3660811,6305289,4625473,219939,49780810,11413531,16764819,7000498,3749013,1193356,3245399,6414194,49780810,6005665,41132202,20104894,7487851,4715943,4327549,4495965,2642943,49780810,26293445,6252717,17022789,211859,49780810,22439164,27341646,13766887,13574759,5.39,1
2020,Aug,127237664,96670351,53223446,50434270,2789176,43446905,10712607,32734298,50434270,50434270,34408930,2332087,11362970,2330283,0,50434270,7238786,7238786,13013572,8725004,4288568,29884370,9349376,5828188,3356729,6578621,4771456,297542,50434270,12233421,16455468,7691029,3219681,1273281,3422189,6139201,50434270,7238786,41027915,19638967,7187588,5052418,4449810,4699132,2167569,50434270,25968935,6620567,17553736,291032,50434270,22625964,27808306,13638971,14169335,5.24,1
2020,Sep,127333200,96898682,53844033,51104154,2739879,43054649,10522701,32531948,51104154,51104154,34859723,2459782,11576187,2208462,0,51104154,6693914,6693914,13117914,9000600,4117314,30979153,9864137,5749017,3558891,6934145,4872963,313173,51104154,11977616,17236419,7540561,3198599,1294009,3055745,6801205,51104154,6693914,42304282,20265612,7607601,5073191,4533191,4824687,2105958,51104154,26297146,6922089,17595662,289257,51104154,23050756,28053398,13917247,14136151,5.09,1
2020,Oct,127428595,96847099,55579750,52968794,2610956,41267349,8933578,32333771,52968794,52968794,36120964,2202745,12393510,2251575,0,52968794,6744145,6744145,13402757,9304354,4098403,32567807,10438384,6111709,3843519,6842298,5331897,254085,52968794,12328638,18292208,8034394,3459004,1420173,3302898,6131479,52968794,6744145,44008682,21569525,7592076,5027598,4847351,4972132,2215967,52968794,26958656,6834827,18936253,239058,52968794,23317391,29651403,14946775,14704628,4.7,1
2020,Nov,127524003,97429801,55353910,52934307,2419603,42075891,9282491,32793400,52934307,52934307,36117108,2612226,12060053,2144920,0,52934307,6853492,6853492,13491874,9127890,4363984,32261039,10373673,6501316,3531434,6641551,5213065,327902,52934307,12542686,18310297,7935356,3506413,1387425,3005253,6246877,52934307,6853492,43892941,21154890,7693184,5517333,4508772,5018762,2187874,52934307,27563663,6536180,18495695,338769,52934307,23140713,29793594,14757453,15036141,4.37,1
2020,Dec,127619337,97379431,54928145,52839287,2088858,42451286,9414223,33037063,52839287,52839287,36370449,2459259,11843076,2166503,0,52839287,6731679,6731679,13400192,9196920,4203272,32425091,10730057,6279656,3510928,6858582,5045868,282325,52839287,12287112,18174639,7956832,3389542,1354805,2975326,6701031,52839287,6731679,43478358,21459145,7480552,5115778,4579082,4843801,2629250,52839287,27548097,6846285,18186096,258809,52839287,23335166,29504121,14675386,14828735,3.8,1
